DateTime,PM10 (ug/m3),PM2.5 (ug/m3)
1/01/2013,4.8,
2/01/2013,2.5,
3/01/2013,3,
4/01/2013,3.7,
5/01/2013,11,
6/01/2013,14.7,
7/01/2013,14.4,
8/01/2013,14.5,
9/01/2013,14.1,
10/01/2013,8.9,
11/01/2013,8.3,
12/01/2013,11.1,
13/01/2013,10.1,
14/01/2013,15.6,
15/01/2013,5.7,
16/01/2013,6,
17/01/2013,3.6,
18/01/2013,6.9,
19/01/2013,9.2,
20/01/2013,13.5,
21/01/2013,11.7,
22/01/2013,13.3,
23/01/2013,6.9,
24/01/2013,12.5,
25/01/2013,13.5,
26/01/2013,14.4,
27/01/2013,12.5,
28/01/2013,12.7,
29/01/2013,11.9,
30/01/2013,12.5,
31/01/2013,14.2,
1/02/2013,16.6,
2/02/2013,17.1,
3/02/2013,9.2,
4/02/2013,8,
5/02/2013,7.3,
6/02/2013,9.6,
7/02/2013,5.2,
8/02/2013,8.1,
9/02/2013,11.8,
10/02/2013,11,
11/02/2013,17.2,
12/02/2013,9.6,
13/02/2013,10.9,
14/02/2013,8.9,
15/02/2013,7,
16/02/2013,6.7,
17/02/2013,5.6,
18/02/2013,6.6,
19/02/2013,10.4,
20/02/2013,15.3,
21/02/2013,17.3,
22/02/2013,10.8,
23/02/2013,10.4,
24/02/2013,8.9,
25/02/2013,8.9,
26/02/2013,8.9,
27/02/2013,12.8,
28/02/2013,16,
1/03/2013,16.8,
2/03/2013,12.5,
3/03/2013,8.3,
4/03/2013,12,
5/03/2013,6.2,
6/03/2013,12.9,
7/03/2013,15.3,
8/03/2013,11.8,
9/03/2013,5.9,
10/03/2013,7.5,
11/03/2013,13,
12/03/2013,9.1,
13/03/2013,8.9,
14/03/2013,13.9,
15/03/2013,21,
16/03/2013,12.4,
17/03/2013,11.3,
18/03/2013,3.3,
19/03/2013,4.7,
20/03/2013,6,
21/03/2013,5.9,
22/03/2013,7.8,
23/03/2013,9.1,
24/03/2013,9.3,
25/03/2013,9.9,
26/03/2013,15.7,
27/03/2013,16.4,
28/03/2013,13.3,
29/03/2013,6.1,
30/03/2013,10,
31/03/2013,6.2,
1/04/2013,8.4,
2/04/2013,13.5,
3/04/2013,8.5,
4/04/2013,5.7,
5/04/2013,7.3,
6/04/2013,10,
7/04/2013,9.6,
8/04/2013,10.1,
9/04/2013,11.1,
10/04/2013,15.6,
11/04/2013,8.2,
12/04/2013,11.4,
13/04/2013,17.7,
14/04/2013,13.2,
15/04/2013,19,
16/04/2013,16.7,
17/04/2013,10.9,
18/04/2013,16.2,
19/04/2013,16.3,
20/04/2013,8.1,
21/04/2013,9.7,
22/04/2013,22.3,
23/04/2013,20,
24/04/2013,20.4,
25/04/2013,20.1,
26/04/2013,14.6,
27/04/2013,18,
28/04/2013,13.2,
29/04/2013,12.6,
30/04/2013,12.5,
1/05/2013,16,
2/05/2013,21.1,
3/05/2013,7.7,
4/05/2013,9,
5/05/2013,14.7,
6/05/2013,5.1,
7/05/2013,16.4,
8/05/2013,28.2,
9/05/2013,12.9,
10/05/2013,12.2,
11/05/2013,27.1,
12/05/2013,41.4,
13/05/2013,13.5,
14/05/2013,13.3,
15/05/2013,27.7,
16/05/2013,23,
17/05/2013,30.8,
18/05/2013,8.8,
19/05/2013,17.1,
20/05/2013,21.2,
21/05/2013,20.8,
22/05/2013,23.1,
23/05/2013,11.6,
24/05/2013,17.7,
25/05/2013,21.7,
26/05/2013,6.4,
27/05/2013,12.2,
28/05/2013,10.7,
29/05/2013,33.2,
30/05/2013,56.5,
31/05/2013,74,
1/06/2013,25.1,
2/06/2013,5.5,
3/06/2013,7.5,
4/06/2013,8.7,
5/06/2013,20.7,
6/06/2013,14.2,
7/06/2013,36,
8/06/2013,24.3,
9/06/2013,27.8,
10/06/2013,21.3,
11/06/2013,22.9,
12/06/2013,41.9,
13/06/2013,19.4,
14/06/2013,17.9,
15/06/2013,23,
16/06/2013,17.3,
17/06/2013,8.7,
18/06/2013,22.1,
19/06/2013,15.7,
20/06/2013,8.5,
21/06/2013,5.6,
22/06/2013,5.4,
23/06/2013,40,
24/06/2013,52.1,
25/06/2013,16.6,
26/06/2013,30,
27/06/2013,16.9,
28/06/2013,19.4,
29/06/2013,51.9,
30/06/2013,83.7,
1/07/2013,46.1,
2/07/2013,9.4,
3/07/2013,11.5,
4/07/2013,19.3,
5/07/2013,14.3,
6/07/2013,9.3,
7/07/2013,6.9,
8/07/2013,31.8,
9/07/2013,38.3,
10/07/2013,12.8,
11/07/2013,24.8,
12/07/2013,29,
13/07/2013,21,
14/07/2013,8.6,
15/07/2013,10.4,
16/07/2013,40.2,
17/07/2013,74.9,
18/07/2013,95.6,
19/07/2013,30,
20/07/2013,16,
21/07/2013,38.8,
22/07/2013,28.2,
23/07/2013,23.4,
24/07/2013,37.1,
25/07/2013,57.5,
26/07/2013,66.6,
27/07/2013,73.4,
28/07/2013,42.4,
29/07/2013,37.9,
30/07/2013,46.8,
31/07/2013,30.8,
1/08/2013,25.6,
2/08/2013,30.3,
3/08/2013,24.9,
4/08/2013,19.2,
5/08/2013,36.5,
6/08/2013,,
7/08/2013,,
8/08/2013,39.1,
9/08/2013,43,
10/08/2013,20.2,
11/08/2013,9.8,
12/08/2013,21,
13/08/2013,19.6,
14/08/2013,19.1,
15/08/2013,25.8,
16/08/2013,17.1,
17/08/2013,12.8,
18/08/2013,13,
19/08/2013,17.5,
20/08/2013,14.7,
21/08/2013,17.6,
22/08/2013,14.2,
23/08/2013,13.8,
24/08/2013,21.9,
25/08/2013,35.1,
26/08/2013,18.8,
27/08/2013,28.9,
28/08/2013,33,
29/08/2013,10.3,
30/08/2013,25.1,
31/08/2013,23.5,
1/09/2013,23.6,
2/09/2013,15.7,
3/09/2013,16,
4/09/2013,16.9,
5/09/2013,14,
6/09/2013,39.4,
7/09/2013,22.4,
8/09/2013,16.2,
9/09/2013,23,
10/09/2013,14.2,
11/09/2013,13.1,
12/09/2013,10.6,
13/09/2013,5.3,
14/09/2013,13.5,
15/09/2013,14,
16/09/2013,16.2,
17/09/2013,20.7,
18/09/2013,30.9,
19/09/2013,23.6,
20/09/2013,44.3,
21/09/2013,17.8,
22/09/2013,19.2,
23/09/2013,10.8,
24/09/2013,8.4,
25/09/2013,7.7,
26/09/2013,7.1,
27/09/2013,13.7,
28/09/2013,6.8,
29/09/2013,6.4,
30/09/2013,8.1,
1/10/2013,14.7,
2/10/2013,14,
3/10/2013,14.9,
4/10/2013,16,
5/10/2013,18,
6/10/2013,6.7,
7/10/2013,11.6,
8/10/2013,6.5,
9/10/2013,8.6,
10/10/2013,12.3,
11/10/2013,12.8,
12/10/2013,7.7,
13/10/2013,6.6,
14/10/2013,6.3,
15/10/2013,8.6,
16/10/2013,10.3,
17/10/2013,7.9,
18/10/2013,9.3,
19/10/2013,16.6,
20/10/2013,16.9,
21/10/2013,17.1,
22/10/2013,6.2,
23/10/2013,8.1,
24/10/2013,7.3,
25/10/2013,3.9,
26/10/2013,6.6,
27/10/2013,3.4,
28/10/2013,6.1,
29/10/2013,12.6,
30/10/2013,11.5,
31/10/2013,7.7,
1/11/2013,5.3,
2/11/2013,9.8,
3/11/2013,15.4,
4/11/2013,10.7,
5/11/2013,11.4,
6/11/2013,7.9,
7/11/2013,10.4,
8/11/2013,8.4,
9/11/2013,7.8,
10/11/2013,13.5,
11/11/2013,13.2,
12/11/2013,12.4,
13/11/2013,12.6,
14/11/2013,14.8,
15/11/2013,18.7,
16/11/2013,11.4,
17/11/2013,10.8,
18/11/2013,7.3,
19/11/2013,12.1,
20/11/2013,17.5,
21/11/2013,18.5,
22/11/2013,10.1,
23/11/2013,10,
24/11/2013,11.9,
25/11/2013,10.2,
26/11/2013,9.2,
27/11/2013,6.3,
28/11/2013,19.4,
29/11/2013,12.6,
30/11/2013,9,
1/12/2013,14.1,
2/12/2013,18.4,
3/12/2013,19.2,
4/12/2013,20.8,
5/12/2013,16.2,
6/12/2013,11,
7/12/2013,7.4,
8/12/2013,4.1,
9/12/2013,7,
10/12/2013,8.5,
11/12/2013,13,
12/12/2013,14.8,
13/12/2013,17.6,
14/12/2013,13.1,
15/12/2013,14.3,
16/12/2013,20.4,
17/12/2013,6.6,
18/12/2013,10.2,
19/12/2013,8.3,
20/12/2013,15.1,
21/12/2013,12.9,
22/12/2013,6.9,
23/12/2013,11.2,
24/12/2013,6.9,
25/12/2013,4,
26/12/2013,2.9,
27/12/2013,8.3,
28/12/2013,7.7,
29/12/2013,13.3,
30/12/2013,8.2,
31/12/2013,6.3,
1/01/2014,6.4,
2/01/2014,4.6,
3/01/2014,5,
4/01/2014,7,
5/01/2014,6.5,
6/01/2014,11.1,
7/01/2014,14,
8/01/2014,10.1,
9/01/2014,9,
10/01/2014,11.3,
11/01/2014,12.1,
12/01/2014,9,
13/01/2014,14.8,
14/01/2014,14.6,
15/01/2014,20.4,
16/01/2014,19.3,
17/01/2014,20.4,
18/01/2014,15.2,
19/01/2014,11.9,
20/01/2014,16.8,
21/01/2014,7.8,
22/01/2014,6.9,
23/01/2014,7.1,
24/01/2014,11.2,
25/01/2014,17.9,
26/01/2014,13,
27/01/2014,6.4,
28/01/2014,8.2,
29/01/2014,16.7,
30/01/2014,19.9,
31/01/2014,11.5,
1/02/2014,4.5,
2/02/2014,7.7,
3/02/2014,13.3,
4/02/2014,17.5,
5/02/2014,12.4,
6/02/2014,10.8,
7/02/2014,11.9,
8/02/2014,9,
9/02/2014,5.9,
10/02/2014,5.8,
11/02/2014,10,
12/02/2014,12.9,
13/02/2014,6.9,
14/02/2014,6,
15/02/2014,10.3,
16/02/2014,11.2,
17/02/2014,8.9,
18/02/2014,8.1,
19/02/2014,9.4,
20/02/2014,6.9,
21/02/2014,7.1,
22/02/2014,11,
23/02/2014,6.5,
24/02/2014,9.7,
25/02/2014,21,
26/02/2014,17.3,
27/02/2014,18.6,
28/02/2014,8.9,
1/03/2014,6,
2/03/2014,8.8,
3/03/2014,5.1,
4/03/2014,5.8,
5/03/2014,4.7,
6/03/2014,10,
7/03/2014,13.7,
8/03/2014,15.7,
9/03/2014,14.4,
10/03/2014,10.9,
11/03/2014,8.4,
12/03/2014,8.8,
13/03/2014,14.4,
14/03/2014,13.2,
15/03/2014,10.2,
16/03/2014,8.2,
17/03/2014,5.4,
18/03/2014,7.3,
19/03/2014,5.3,
20/03/2014,11.9,
21/03/2014,14.5,
22/03/2014,10.8,
23/03/2014,11.4,
24/03/2014,15.7,
25/03/2014,11.9,
26/03/2014,11.2,
27/03/2014,,
28/03/2014,18.3,
29/03/2014,14,
30/03/2014,16.7,
31/03/2014,17.8,
1/04/2014,20.6,
2/04/2014,17,
3/04/2014,15.5,
4/04/2014,16.4,
5/04/2014,21.2,
6/04/2014,10.4,
7/04/2014,10.1,
8/04/2014,9.5,
9/04/2014,9.3,
10/04/2014,6.4,
11/04/2014,11,
12/04/2014,10.6,
13/04/2014,10.8,
14/04/2014,12,
15/04/2014,17.7,
16/04/2014,10.6,
17/04/2014,15.7,
18/04/2014,16.3,
19/04/2014,12.9,
20/04/2014,4.8,
21/04/2014,10.9,
22/04/2014,9.6,
23/04/2014,18.3,
24/04/2014,19.6,
25/04/2014,12.7,
26/04/2014,19.3,
27/04/2014,10.6,
28/04/2014,12.8,
29/04/2014,5.2,
30/04/2014,10.5,
1/05/2014,20.7,
2/05/2014,20.6,
3/05/2014,21.8,
4/05/2014,12.1,
5/05/2014,11.4,
6/05/2014,7.8,
7/05/2014,13.8,
8/05/2014,11.6,
9/05/2014,14.3,
10/05/2014,37.5,
11/05/2014,41.7,
12/05/2014,40.2,
13/05/2014,25.4,
14/05/2014,16.5,
15/05/2014,24.5,
16/05/2014,28.9,
17/05/2014,26.9,
18/05/2014,20.3,
19/05/2014,39.2,
20/05/2014,19.3,
21/05/2014,11.5,
22/05/2014,20.6,
23/05/2014,12.3,
24/05/2014,9,
25/05/2014,12.1,
26/05/2014,14.4,
27/05/2014,44.1,
28/05/2014,30.2,
29/05/2014,9.5,
30/05/2014,19.8,
31/05/2014,47.8,
1/06/2014,35.9,
2/06/2014,34.1,
3/06/2014,42.5,
4/06/2014,49.6,
5/06/2014,61.8,
6/06/2014,19.5,
7/06/2014,23.7,
8/06/2014,22,
9/06/2014,11.1,
10/06/2014,10,
11/06/2014,15.6,
12/06/2014,21.7,
13/06/2014,23.9,
14/06/2014,49.2,
15/06/2014,38.4,
16/06/2014,20.4,
17/06/2014,30,
18/06/2014,27.1,
19/06/2014,51,
20/06/2014,26,
21/06/2014,19.8,
22/06/2014,38.8,
23/06/2014,38.4,
24/06/2014,29.2,
25/06/2014,11.2,
26/06/2014,31.5,
27/06/2014,46.1,
28/06/2014,28.6,
29/06/2014,32.5,
30/06/2014,11.2,
1/07/2014,35.3,
2/07/2014,9.6,
3/07/2014,14.9,
4/07/2014,39.5,
5/07/2014,11.3,
6/07/2014,15.1,
7/07/2014,28.5,
8/07/2014,27.6,
9/07/2014,30,
10/07/2014,13.4,
11/07/2014,26.1,
12/07/2014,24.7,
13/07/2014,14.6,
14/07/2014,14.8,
15/07/2014,22.6,
16/07/2014,11.3,
17/07/2014,11.7,
18/07/2014,12.8,
19/07/2014,12.5,
20/07/2014,18.4,
21/07/2014,11.7,
22/07/2014,10.6,
23/07/2014,21.3,
24/07/2014,43.7,
25/07/2014,38.5,
26/07/2014,20.8,
27/07/2014,16.3,
28/07/2014,38.9,
29/07/2014,34.2,
30/07/2014,29.3,
31/07/2014,10,
1/08/2014,8.7,
2/08/2014,6.3,
3/08/2014,12.7,
4/08/2014,39.5,
5/08/2014,37.2,
6/08/2014,14.8,
7/08/2014,28.3,
8/08/2014,9,
9/08/2014,24.2,
10/08/2014,51.2,
11/08/2014,13.5,
12/08/2014,15.3,
13/08/2014,18.9,
14/08/2014,12.9,
15/08/2014,15.5,
16/08/2014,15.7,
17/08/2014,24.2,
18/08/2014,28.1,
19/08/2014,23.3,
20/08/2014,28.9,
21/08/2014,18.7,
22/08/2014,27.3,
23/08/2014,12.4,
24/08/2014,12,
25/08/2014,20,
26/08/2014,29.5,
27/08/2014,35,
28/08/2014,25.2,
29/08/2014,17.5,
30/08/2014,9.6,
31/08/2014,12.3,
1/09/2014,26.3,
2/09/2014,19,
3/09/2014,19.5,
4/09/2014,21.9,
5/09/2014,20.7,
6/09/2014,9,
7/09/2014,14.7,
8/09/2014,24.3,
9/09/2014,29.9,
10/09/2014,26.8,
11/09/2014,16.9,
12/09/2014,17,
13/09/2014,10.2,
14/09/2014,10.5,
15/09/2014,8.1,
16/09/2014,8.6,
17/09/2014,19.5,
18/09/2014,14.9,
19/09/2014,6.7,
20/09/2014,15.7,
21/09/2014,12.5,
22/09/2014,12,
23/09/2014,25.8,
24/09/2014,25.1,
25/09/2014,29.3,
26/09/2014,15.5,
27/09/2014,21.8,
28/09/2014,18,
29/09/2014,14.5,
30/09/2014,16.4,
1/10/2014,18.8,
2/10/2014,14.5,
3/10/2014,6.5,
4/10/2014,9.9,
5/10/2014,8.9,
6/10/2014,5.3,
7/10/2014,13.5,
8/10/2014,14.3,
9/10/2014,16.8,
10/10/2014,18.9,
11/10/2014,15,
12/10/2014,12.8,
13/10/2014,17.6,
14/10/2014,24.6,
15/10/2014,16.7,
16/10/2014,17.7,
17/10/2014,9.9,
18/10/2014,11.8,
19/10/2014,6.6,
20/10/2014,13.2,
21/10/2014,15.9,
22/10/2014,14.8,
23/10/2014,12.7,
24/10/2014,16.4,
25/10/2014,21.3,
26/10/2014,16.7,
27/10/2014,9.9,
28/10/2014,13.5,
29/10/2014,7.6,
30/10/2014,11.5,
31/10/2014,11.6,
1/11/2014,11.2,
2/11/2014,8.9,
3/11/2014,14.9,
4/11/2014,7.5,
5/11/2014,7.9,
6/11/2014,7.6,
7/11/2014,8.4,
8/11/2014,11.1,
9/11/2014,17,
10/11/2014,11.1,
11/11/2014,8.6,
12/11/2014,8.4,
13/11/2014,8.5,
14/11/2014,13.3,
15/11/2014,8.9,
16/11/2014,8.2,
17/11/2014,34.2,
18/11/2014,,
19/11/2014,,
20/11/2014,6.4,
21/11/2014,4.5,
22/11/2014,7.5,
23/11/2014,14.4,
24/11/2014,15.2,
25/11/2014,13,
26/11/2014,6.4,
27/11/2014,8.4,
28/11/2014,6,
29/11/2014,4.6,
30/11/2014,6.4,
1/12/2014,7,
2/12/2014,11.8,
3/12/2014,16.8,
4/12/2014,12,
5/12/2014,11.2,
6/12/2014,15.3,
7/12/2014,10.6,
8/12/2014,13.8,
9/12/2014,14,
10/12/2014,8.9,
11/12/2014,15.4,
12/12/2014,11.8,
13/12/2014,12.7,
14/12/2014,16.1,
15/12/2014,18,
16/12/2014,18.9,
17/12/2014,26.5,
18/12/2014,14.7,
19/12/2014,14.3,
20/12/2014,8.4,
21/12/2014,7.3,
22/12/2014,7.9,
23/12/2014,12.7,
24/12/2014,17.4,
25/12/2014,13.8,
26/12/2014,14.9,
27/12/2014,9.8,
28/12/2014,9.7,
29/12/2014,10.5,
30/12/2014,10.2,
31/12/2014,12.4,
1/01/2015,13.6,
2/01/2015,13,
3/01/2015,11.6,
4/01/2015,14.3,
5/01/2015,18.2,
6/01/2015,13.8,
7/01/2015,18.4,
8/01/2015,20.8,
9/01/2015,16.5,
10/01/2015,19.8,
11/01/2015,17.8,
12/01/2015,13.5,
13/01/2015,10.9,
14/01/2015,12.1,
15/01/2015,15.2,
16/01/2015,12.6,
17/01/2015,13.6,
18/01/2015,8.1,
19/01/2015,10.4,
20/01/2015,9.3,
21/01/2015,6.5,
22/01/2015,7.9,
23/01/2015,12.4,
24/01/2015,14.3,
25/01/2015,16.3,
26/01/2015,28.1,
27/01/2015,23.1,
28/01/2015,12.8,
29/01/2015,5.3,
30/01/2015,8,
31/01/2015,9.9,
1/02/2015,11.3,
2/02/2015,8.9,
3/02/2015,18.7,
4/02/2015,18.6,
5/02/2015,10.2,
6/02/2015,8.1,
7/02/2015,16.7,
8/02/2015,22,
9/02/2015,16.6,
10/02/2015,14.9,
11/02/2015,,
12/02/2015,17.9,
13/02/2015,,
14/02/2015,,
15/02/2015,,
16/02/2015,,
17/02/2015,12.8,
18/02/2015,17.1,
19/02/2015,23.2,
20/02/2015,13.3,
21/02/2015,14.9,
22/02/2015,7.4,
23/02/2015,9.1,
24/02/2015,16.4,
25/02/2015,16.1,
26/02/2015,19.1,
27/02/2015,17.7,
28/02/2015,13.8,
1/03/2015,19.4,
2/03/2015,14.1,
3/03/2015,11.1,
4/03/2015,12,
5/03/2015,15.6,
6/03/2015,8.5,
7/03/2015,8.8,
8/03/2015,10,
9/03/2015,15.7,
10/03/2015,16.7,
11/03/2015,11.9,
12/03/2015,12,
13/03/2015,16.2,
14/03/2015,11.2,
15/03/2015,15.6,
16/03/2015,9.2,
17/03/2015,9.4,
18/03/2015,11.7,
19/03/2015,12.1,
20/03/2015,18.6,
21/03/2015,20.4,
22/03/2015,9.3,
23/03/2015,12.9,
24/03/2015,19.6,
25/03/2015,23,
26/03/2015,20.7,
27/03/2015,11.9,
28/03/2015,16,
29/03/2015,6.5,
30/03/2015,11.4,
31/03/2015,19.6,
1/04/2015,19,
2/04/2015,21.4,
3/04/2015,19.7,
4/04/2015,13.9,
5/04/2015,11.4,
6/04/2015,12.2,
7/04/2015,14.5,
8/04/2015,19.1,
9/04/2015,15.5,
10/04/2015,12.4,
11/04/2015,9.7,
12/04/2015,6.2,
13/04/2015,6,
14/04/2015,8.2,
15/04/2015,19,
16/04/2015,30,
17/04/2015,26.3,
18/04/2015,13,
19/04/2015,18.3,
20/04/2015,16.2,
21/04/2015,14.6,
22/04/2015,8.3,
23/04/2015,11.2,
24/04/2015,19.7,
25/04/2015,12.6,
26/04/2015,6.9,
27/04/2015,7.9,
28/04/2015,21,
29/04/2015,16.7,
30/04/2015,14.8,
1/05/2015,29,
2/05/2015,24.1,
3/05/2015,16.7,
4/05/2015,42.8,
5/05/2015,23.5,
6/05/2015,8.4,
7/05/2015,9.5,
8/05/2015,8.3,
9/05/2015,9.8,
10/05/2015,17.8,
11/05/2015,12,
12/05/2015,12.3,
13/05/2015,10.5,
14/05/2015,10.4,
15/05/2015,12.2,
16/05/2015,20.8,
17/05/2015,32.3,
18/05/2015,24.1,
19/05/2015,30.5,
20/05/2015,35.1,
21/05/2015,13.3,
22/05/2015,20.9,
23/05/2015,32,
24/05/2015,13.4,
25/05/2015,9.3,
26/05/2015,14.2,
27/05/2015,15.6,
28/05/2015,32.8,
29/05/2015,42.5,
30/05/2015,54.7,
31/05/2015,53.1,
1/06/2015,44.5,
2/06/2015,19.2,
3/06/2015,15.4,
4/06/2015,10.1,
5/06/2015,31.3,
6/06/2015,44.8,
7/06/2015,25,
8/06/2015,33.7,
9/06/2015,7.4,
10/06/2015,6.9,
11/06/2015,33.9,
12/06/2015,27.7,
13/06/2015,23.2,
14/06/2015,26.8,
15/06/2015,12.7,
16/06/2015,18.2,
17/06/2015,49.2,
18/06/2015,9.4,
19/06/2015,13.9,
20/06/2015,14.5,
21/06/2015,14,
22/06/2015,12.6,
23/06/2015,30.5,
24/06/2015,31.2,
25/06/2015,41.4,
26/06/2015,30.5,
27/06/2015,34.5,
28/06/2015,37.4,
29/06/2015,21.2,
30/06/2015,23.2,
1/07/2015,25.9,
2/07/2015,18.8,
3/07/2015,15.8,
4/07/2015,23.1,
5/07/2015,23.7,
6/07/2015,16.8,
7/07/2015,32.3,
8/07/2015,10.7,
9/07/2015,9.7,
10/07/2015,21.2,
11/07/2015,29.6,
12/07/2015,40.3,
13/07/2015,47.9,
14/07/2015,35.5,
15/07/2015,13.8,
16/07/2015,24.2,
17/07/2015,24.5,
18/07/2015,16.8,
19/07/2015,10.2,
20/07/2015,32.5,
21/07/2015,22.4,
22/07/2015,20.3,
23/07/2015,37.8,
24/07/2015,27.1,
25/07/2015,15.2,
26/07/2015,9.2,
27/07/2015,18.8,
28/07/2015,12.6,
29/07/2015,14.2,8.5
30/07/2015,28.9,19.3
31/07/2015,51.9,40.6
1/08/2015,31.1,23.8
2/08/2015,14.7,10.1
3/08/2015,16,7.7
4/08/2015,10.9,5.2
5/08/2015,28.8,18.6
6/08/2015,44.5,29.3
7/08/2015,21.2,11.4
8/08/2015,24.4,17.5
9/08/2015,11.1,8.5
10/08/2015,13.1,8.5
11/08/2015,26.4,19.4
12/08/2015,15.2,
13/08/2015,17.2,
14/08/2015,30.8,11.5
15/08/2015,22.1,10.1
16/08/2015,15.2,8
17/08/2015,32.8,22.5
18/08/2015,8.5,4.4
19/08/2015,23.4,17.2
20/08/2015,21.4,12.6
21/08/2015,17,9.8
22/08/2015,35.7,24.8
23/08/2015,31.1,22.6
24/08/2015,38.5,25.1
25/08/2015,34.1,27.7
26/08/2015,36.6,24
27/08/2015,31,15
28/08/2015,30.7,21.4
29/08/2015,42.1,29.3
30/08/2015,18.5,13.8
31/08/2015,13.1,
1/09/2015,15.2,10
2/09/2015,12,7.3
3/09/2015,12.3,6.2
4/09/2015,14.7,
5/09/2015,9.7,
6/09/2015,10,6.4
7/09/2015,19.9,
8/09/2015,18.1,7.5
9/09/2015,24.9,14.6
10/09/2015,22.1,10.8
11/09/2015,10.3,6.3
12/09/2015,16.7,12.7
13/09/2015,21.9,11.6
14/09/2015,36.3,15.1
15/09/2015,24.5,11.5
16/09/2015,18.1,
17/09/2015,16.8,
18/09/2015,14.6,
19/09/2015,13.1,
20/09/2015,10.1,
21/09/2015,14.5,
22/09/2015,13.4,
23/09/2015,13.2,
24/09/2015,12.2,
25/09/2015,12.7,
26/09/2015,7.7,
27/09/2015,12.4,
28/09/2015,12.3,
29/09/2015,14.4,
30/09/2015,17.6,
1/10/2015,13.9,
2/10/2015,13.9,4.7
3/10/2015,21.9,7.1
4/10/2015,20.1,5.3
5/10/2015,24.9,6.9
6/10/2015,30.9,9.2
7/10/2015,26.7,6.5
8/10/2015,18.3,5.2
9/10/2015,16.9,4.7
10/10/2015,17.4,4.9
11/10/2015,20.5,7
12/10/2015,17.8,5.7
13/10/2015,11.9,3.9
14/10/2015,16.4,5.2
15/10/2015,17.9,5.8
16/10/2015,16.3,3.6
17/10/2015,12.4,2.8
18/10/2015,9.1,3.2
19/10/2015,23.2,6.2
20/10/2015,22,6.6
21/10/2015,19.8,5.5
22/10/2015,18.4,6.1
23/10/2015,22.6,7.6
24/10/2015,21.4,6.8
25/10/2015,14,5.2
26/10/2015,14.3,4.5
27/10/2015,15.9,5.2
28/10/2015,15.5,6.8
29/10/2015,15.4,7.1
30/10/2015,14.7,7.4
31/10/2015,13.5,6.9
1/11/2015,14.2,4.4
2/11/2015,16.9,5.8
3/11/2015,11,2.8
4/11/2015,14.5,7.5
5/11/2015,13.8,6.8
6/11/2015,17.7,6.9
7/11/2015,20.9,8.3
8/11/2015,12.5,6.1
9/11/2015,17.5,7.3
10/11/2015,14.1,6.8
11/11/2015,12.7,5.1
12/11/2015,9.1,4
13/11/2015,12.1,3.8
14/11/2015,11.6,5
15/11/2015,12.2,4.8
16/11/2015,14.7,4.3
17/11/2015,18.3,6.2
18/11/2015,19.4,6.1
19/11/2015,24.9,7.7
20/11/2015,10.9,3.6
21/11/2015,20.9,7.5
22/11/2015,16.6,4.9
23/11/2015,13,4
24/11/2015,8.6,1.8
25/11/2015,13.2,4.1
26/11/2015,14.2,5
27/11/2015,17.9,3.6
28/11/2015,8.8,2.8
29/11/2015,11.6,3
30/11/2015,18.6,5.6
1/12/2015,20.1,7.5
2/12/2015,13.5,3.8
3/12/2015,11.3,4
4/12/2015,17.9,5.1
5/12/2015,13.7,4
6/12/2015,8.7,3
7/12/2015,10.7,3
8/12/2015,9.8,3.1
9/12/2015,13.4,4
10/12/2015,15.8,4.3
11/12/2015,19.8,7.5
12/12/2015,13.1,4.8
13/12/2015,10,
14/12/2015,6.9,2.7
15/12/2015,15.6,4.1
16/12/2015,5.4,1.6
17/12/2015,5.2,1.5
18/12/2015,8.1,2.5
19/12/2015,12.3,4.1
20/12/2015,19.3,4.5
21/12/2015,21.9,6.3
22/12/2015,9,2.2
23/12/2015,12.1,4.3
24/12/2015,17.3,4.9
25/12/2015,15.5,6.1
26/12/2015,12.9,4.6
27/12/2015,15.3,4.3
28/12/2015,18.8,5.5
29/12/2015,15.8,4
30/12/2015,12.5,4.1
31/12/2015,14.1,4
1/01/2016,16,5.1
2/01/2016,14.7,7.2
3/01/2016,7.7,3.1
4/01/2016,8.4,2.5
5/01/2016,10.6,3.8
6/01/2016,17.3,5.2
7/01/2016,20,7.1
8/01/2016,19.4,6.4
9/01/2016,23.5,7.3
10/01/2016,18.6,5.4
11/01/2016,20.7,5.9
12/01/2016,23.6,7.3
13/01/2016,15,4
14/01/2016,22.1,6.2
15/01/2016,16.6,3
16/01/2016,6.1,1.9
17/01/2016,6.4,2
18/01/2016,4.9,1.8
19/01/2016,5.5,1.9
20/01/2016,11.8,3.8
21/01/2016,18.8,7
22/01/2016,17.2,5.5
23/01/2016,14.5,5.5
24/01/2016,9.6,3.4
25/01/2016,14.8,4.4
26/01/2016,9,4.1
27/01/2016,5.5,2.3
28/01/2016,5.2,2.3
29/01/2016,7.4,2.2
30/01/2016,8.8,2.5
31/01/2016,8.4,3.3
1/02/2016,13.4,4.6
2/02/2016,22.2,8.7
3/02/2016,19.9,7.7
4/02/2016,15.4,5.7
5/02/2016,16.4,5.9
6/02/2016,12.4,5
7/02/2016,12.2,3.9
8/02/2016,12.5,4.8
9/02/2016,20.6,7.9
10/02/2016,20.1,6.7
11/02/2016,22.4,8.2
12/02/2016,18.8,8.8
13/02/2016,13.7,6.2
14/02/2016,12.5,6.7
15/02/2016,18.3,6.9
16/02/2016,21.3,8
17/02/2016,14.8,5.5
18/02/2016,6.6,2.7
19/02/2016,5.7,2.7
20/02/2016,9.9,4.3
21/02/2016,14.4,5.3
22/02/2016,14.5,4.8
23/02/2016,14.5,6.8
24/02/2016,17.4,6.4
25/02/2016,14.8,5
26/02/2016,14.5,3.5
27/02/2016,12.1,4.6
28/02/2016,16.2,6.3
29/02/2016,19.3,5.6
1/03/2016,13.4,5.1
2/03/2016,17.6,4.4
3/03/2016,22.1,6.9
4/03/2016,21.1,6.5
5/03/2016,18,6.1
6/03/2016,20.9,8.8
7/03/2016,18.3,6.1
8/03/2016,16.5,4.3
9/03/2016,14.4,4.9
10/03/2016,19.3,4.6
11/03/2016,18.8,5
12/03/2016,17.5,5.6
13/03/2016,17.2,5.5
14/03/2016,16.5,5.8
15/03/2016,13.3,5.7
16/03/2016,9.6,4.3
17/03/2016,10.6,3.8
18/03/2016,10.2,3.8
19/03/2016,5.6,2.8
20/03/2016,9.2,3.6
21/03/2016,18.3,6.3
22/03/2016,17.3,6.1
23/03/2016,21.7,7.7
24/03/2016,13.4,5
25/03/2016,25.5,8
26/03/2016,21.2,7.3
27/03/2016,13.2,5.7
28/03/2016,10.9,4.9
29/03/2016,20.1,7.7
30/03/2016,13.1,4.7
31/03/2016,12.2,4.9
1/04/2016,15.6,6.7
2/04/2016,12.2,7.1
3/04/2016,8.5,5.7
4/04/2016,15.8,9.1
5/04/2016,14.3,7.9
6/04/2016,13,6
7/04/2016,14.1,5.9
8/04/2016,13.3,6.1
9/04/2016,10.8,4.2
10/04/2016,12,6.9
11/04/2016,9.9,4.3
12/04/2016,9.9,6.1
13/04/2016,11.9,6.4
14/04/2016,15.9,9.4
15/04/2016,11.5,6.2
16/04/2016,19.3,10.4
17/04/2016,14.8,7.8
18/04/2016,11.1,5.1
19/04/2016,15.2,7.8
20/04/2016,17.5,9.8
21/04/2016,18.7,10.7
22/04/2016,31.5,16.8
23/04/2016,20.7,11.7
24/04/2016,15.7,9.8
25/04/2016,38.3,17.6
26/04/2016,26.1,12.5
27/04/2016,22.6,11.3
28/04/2016,30.7,16
29/04/2016,29.8,12.5
30/04/2016,19.8,8.7
1/05/2016,27.6,14.7
2/05/2016,22.8,9.1
3/05/2016,18.4,8.2
4/05/2016,14.4,6.1
5/05/2016,15.9,5
6/05/2016,18.9,8.9
7/05/2016,23.9,13.4
8/05/2016,23,14.5
9/05/2016,21.4,10.4
10/05/2016,16.7,7
11/05/2016,15.1,4.1
12/05/2016,12.6,3.3
13/05/2016,6.1,3.3
14/05/2016,7.1,3.9
15/05/2016,16.4,7.4
16/05/2016,10,5.6
17/05/2016,11.6,5.3
18/05/2016,11.5,5
19/05/2016,18.5,10.7
20/05/2016,15.6,8.9
21/05/2016,5.9,3.8
22/05/2016,9.3,6
23/05/2016,12.1,9.8
24/05/2016,15.4,10.5
25/05/2016,28,22.1
26/05/2016,29.7,25.7
27/05/2016,16.2,11.4
28/05/2016,7,4.7
29/05/2016,6.9,5.5
30/05/2016,11.3,8.4
31/05/2016,8.4,6.6
1/06/2016,18.2,14.3
2/06/2016,17,13.2
3/06/2016,32.9,26.4
4/06/2016,29.4,23.9
5/06/2016,29.7,25.2
6/06/2016,27.4,22.1
7/06/2016,45.6,36.7
8/06/2016,54.8,44.8
9/06/2016,22.8,17.5
10/06/2016,5.5,3.2
11/06/2016,16.6,9
12/06/2016,14.2,11.8
13/06/2016,48.3,38.7
14/06/2016,62.3,49
15/06/2016,30.9,17.2
16/06/2016,24.7,17.2
17/06/2016,38.2,28.4
18/06/2016,67.7,58.2
19/06/2016,35,26
20/06/2016,35.2,24.2
21/06/2016,55.4,41.3
22/06/2016,13.7,4.9
24/06/2016,15.8,11.2
25/06/2016,23.6,16
26/06/2016,17.8,14.1
27/06/2016,18.1,13.7
28/06/2016,35.4,28.7
29/06/2016,31.2,24.2
30/06/2016,19.9,13
1/07/2016,24.9,16.8
2/07/2016,30.9,24.5
3/07/2016,60.4,48.5
4/07/2016,32.4,24.3
5/07/2016,19.6,11.8
6/07/2016,52.1,40.4
7/07/2016,31.6,16.1
8/07/2016,24,16.7
9/07/2016,25.4,17.7
10/07/2016,24.4,18.4
11/07/2016,33.9,27.1
12/07/2016,42.4,31.4
13/07/2016,9.8,4.1
15/07/2016,23.6,16
16/07/2016,31.9,23.6
17/07/2016,15.3,11.1
18/07/2016,21.3,13.6
19/07/2016,33.5,22.8
20/07/2016,25.2,18.6
21/07/2016,26.7,13.7
22/07/2016,34.8,23.6
23/07/2016,10.4,7.2
24/07/2016,9.9,7.1
25/07/2016,24.4,14.4
26/07/2016,27,18.6
27/07/2016,18.3,10.4
28/07/2016,15.9,9.3
29/07/2016,28.3,19
30/07/2016,26.4,18.8
31/07/2016,39.9,31.4
1/08/2016,39.6,25.5
2/08/2016,19.7,9.1
3/08/2016,13.3,8.1
4/08/2016,16.3,11.9
5/08/2016,18,13.9
6/08/2016,9.3,6.4
7/08/2016,28.7,22.1
8/08/2016,16.2,10.6
9/08/2016,29.2,22.9
10/08/2016,37.7,29.2
11/08/2016,40.1,30.5
12/08/2016,20.5,13.4
13/08/2016,14.7,9.9
14/08/2016,31.9,26.5
15/08/2016,39.3,30.1
16/08/2016,22.2,14.3
17/08/2016,13.1,8.2
18/08/2016,20.6,14.7
19/08/2016,24.9,15
20/08/2016,35.8,25.4
21/08/2016,27.1,18.3
22/08/2016,18.3,8.4
23/08/2016,23.7,12.1
24/08/2016,15.8,5
25/08/2016,15.3,5.4
26/08/2016,11.6,8
27/08/2016,23.1,18.2
28/08/2016,35.5,26.7
29/08/2016,57.7,45
30/08/2016,26.2,13.2
31/08/2016,22.7,10.5
1/09/2016,12.4,6.4
2/09/2016,12.1,3.8
3/09/2016,19.6,10.4
4/09/2016,15.9,6.8
5/09/2016,13.8,6.3
6/09/2016,18.1,7.4
7/09/2016,11.9,5.6
8/09/2016,,
9/09/2016,18.4,11.1
10/09/2016,15.8,8.5
11/09/2016,22.4,14.7
12/09/2016,15.5,9.8
13/09/2016,14.2,6.7
14/09/2016,15.2,8.6
15/09/2016,17.8,10.2
16/09/2016,16.4,6.2
17/09/2016,19.5,8.3
18/09/2016,13.9,6.7
19/09/2016,10.7,4.4
20/09/2016,11.1,4.2
21/09/2016,13.6,5.4
22/09/2016,15.1,8.4
23/09/2016,17.6,10.4
24/09/2016,7.6,3.9
25/09/2016,6,2.8
26/09/2016,14.5,4.1
27/09/2016,22.7,7
28/09/2016,19.4,5.6
29/09/2016,23.7,6.3
30/09/2016,18.6,5.7
1/10/2016,11.8,5.9
2/10/2016,10.2,6
3/10/2016,16.7,8.5
4/10/2016,20.4,9.6
5/10/2016,17,9
6/10/2016,10.6,5.4
7/10/2016,14,6.2
8/10/2016,12.8,4.5
9/10/2016,16,10.9
10/10/2016,14.8,6.4
11/10/2016,8.7,2.4
12/10/2016,10.2,5.8
13/10/2016,9.9,4.8
14/10/2016,9.2,4.4
15/10/2016,8.3,4.2
16/10/2016,10,5.6
17/10/2016,11.9,3.5
18/10/2016,9.8,3.6
19/10/2016,16.8,4.5
20/10/2016,9.2,5.2
21/10/2016,10.6,5.6
22/10/2016,12.1,5.8
23/10/2016,10.2,4.3
24/10/2016,14.8,6.4
25/10/2016,10.4,3.8
26/10/2016,9,4.5
27/10/2016,11.2,5.4
28/10/2016,10.1,3.8
29/10/2016,8.8,3.2
30/10/2016,10.3,4
31/10/2016,14.8,4.8
1/11/2016,15,3.9
2/11/2016,13.9,6.6
3/11/2016,7.4,2.8
4/11/2016,9.8,3.4
5/11/2016,13.4,6.1
6/11/2016,10.1,3.8
7/11/2016,14,4.2
8/11/2016,14.5,3.8
9/11/2016,14.6,3.8
10/11/2016,11.1,3.4
11/11/2016,9.6,4.9
12/11/2016,9.7,4.2
13/11/2016,10.2,3.6
14/11/2016,12.3,4
15/11/2016,12.4,4.8
16/11/2016,9.8,2.9
17/11/2016,6.7,2.4
18/11/2016,13,5.1
19/11/2016,18.9,7.8
20/11/2016,16.1,5.1
21/11/2016,10.3,3
22/11/2016,21.7,6.8
23/11/2016,20.2,5.5
24/11/2016,20.8,6.8
25/11/2016,11.5,3.1
26/11/2016,5.5,1.4
27/11/2016,4.1,1.1
28/11/2016,8.5,2.5
29/11/2016,11.2,3
30/11/2016,12.4,4.7
1/12/2016,12.4,4.4
2/12/2016,9.1,3.6
3/12/2016,14.3,4.7
4/12/2016,12.3,3.9
5/12/2016,16.6,4.9
6/12/2016,14.5,3.8
7/12/2016,18.6,8.4
8/12/2016,8,4.3
9/12/2016,10.3,3.4
10/12/2016,8.2,2.8
11/12/2016,8.6,3
12/12/2016,11.1,3.5
13/12/2016,15.2,4.8
14/12/2016,10.1,3.6
15/12/2016,15.5,4.7
16/12/2016,10.4,2.8
17/12/2016,20.7,6.6
18/12/2016,10,3.7
19/12/2016,15.9,4.6
20/12/2016,18.5,5.4
21/12/2016,10.7,3.6
22/12/2016,10.9,2.9
23/12/2016,8.1,3.3
24/12/2016,10.2,3.2
25/12/2016,12.5,4.2
26/12/2016,14.6,4.8
27/12/2016,11.4,4
28/12/2016,24.1,7
29/12/2016,8.2,3.5
30/12/2016,12.5,3.9
31/12/2016,12.4,4.1
1/01/2017,6.5,1.9
2/01/2017,14.5,3.6
3/01/2017,10.2,3.8
4/01/2017,10,3.7
5/01/2017,9.5,3.1
6/01/2017,12,3.7
7/01/2017,6,2.1
8/01/2017,7,2.5
9/01/2017,16.7,5.1
10/01/2017,15.5,5.4
11/01/2017,20,6.1
12/01/2017,16.8,6.2
13/01/2017,11.7,3.7
14/01/2017,11.1,3.3
15/01/2017,7.9,2.9
16/01/2017,12.1,3.8
17/01/2017,10.8,2.8
18/01/2017,13.9,5.1
19/01/2017,8.2,3
20/01/2017,8.6,2.3
21/01/2017,13,3.6
22/01/2017,5,1.7
23/01/2017,10,2.8
24/01/2017,14.4,4.7
25/01/2017,16.1,5.1
26/01/2017,10.6,3.5
27/01/2017,17.1,4.7
28/01/2017,17.9,4.4
29/01/2017,16.3,4.4
30/01/2017,23.7,6.2
31/01/2017,11,3.4
1/02/2017,9.1,3.4
2/02/2017,13.1,3.9
3/02/2017,15,5.8
4/02/2017,11,2.4
5/02/2017,23.3,8.6
6/02/2017,15.2,4.7
7/02/2017,14,3.4
8/02/2017,10.5,3.2
9/02/2017,10.9,2.8
10/02/2017,17.3,4
11/02/2017,19.3,5.4
12/02/2017,19.2,5.1
13/02/2017,11.8,3.8
14/02/2017,6.8,1.1
15/02/2017,13.8,6
16/02/2017,17.1,5
17/02/2017,16.2,5
18/02/2017,6.7,2.5
19/02/2017,15.5,6.1
20/02/2017,14.3,5.6
21/02/2017,18.1,6.2
22/02/2017,16.8,6
23/02/2017,10.9,3.5
24/02/2017,12.2,3.8
25/02/2017,15.5,5.4
26/02/2017,11.5,3.6
27/02/2017,16.8,5
28/02/2017,15.4,5.2
1/03/2017,21.4,8.4
2/03/2017,15.5,5.2
3/03/2017,18.6,4.3
4/03/2017,19.8,5.5
5/03/2017,14.3,4.8
6/03/2017,23.6,7.8
7/03/2017,12.5,5
8/03/2017,11.9,3.8
9/03/2017,12.8,4.3
10/03/2017,14.4,4
11/03/2017,11.2,6.8
12/03/2017,4,2
13/03/2017,4.8,2.5
14/03/2017,6.6,2.6
15/03/2017,9.1,3.4
16/03/2017,12.6,4.4
17/03/2017,14.4,4.2
18/03/2017,18.7,6.6
19/03/2017,15.2,5.3
20/03/2017,18.3,6.7
21/03/2017,16.7,5.2
22/03/2017,8.1,3.3
23/03/2017,13.4,4.8
24/03/2017,12,4.6
25/03/2017,10.1,3.5
26/03/2017,15.5,7
27/03/2017,7.8,4
28/03/2017,8.3,3.6
29/03/2017,5.4,2.4
30/03/2017,6.7,4
31/03/2017,11.8,4.8
1/04/2017,14.2,7
2/04/2017,15,6
3/04/2017,10.9,5.2
4/04/2017,11,4.1
5/04/2017,13.9,7.5
6/04/2017,6.9,3.4
7/04/2017,13.3,6.4
8/04/2017,26.9,10.7
9/04/2017,17.6,7
10/04/2017,16.3,9.1
11/04/2017,28.9,21.6
12/04/2017,11.3,8.6
13/04/2017,9.4,6.7
14/04/2017,9.4,4.7
15/04/2017,8.6,4.3
16/04/2017,12.7,8.2
17/04/2017,18.5,12.8
18/04/2017,10.5,6.1
19/04/2017,16,8.1
20/04/2017,21.2,10.5
21/04/2017,21,11.4
22/04/2017,12.2,5.7
23/04/2017,25.8,17.6
24/04/2017,18.9,13.1
25/04/2017,15.5,9.5
26/04/2017,19.1,11.8
27/04/2017,23.1,11.5
28/04/2017,12.9,4.4
29/04/2017,30.1,11.1
30/04/2017,11.9,6.9
1/05/2017,18,14.7
2/05/2017,42.5,33.4
3/05/2017,6.6,4.7
4/05/2017,11.9,7.6
5/05/2017,23.2,14.8
6/05/2017,16.6,10.1
7/05/2017,15.4,10.8
8/05/2017,27.1,19.6
9/05/2017,19.6,14.2
10/05/2017,20.9,16.8
11/05/2017,23.1,18.4
12/05/2017,17.2,11
13/05/2017,23.4,16.4
14/05/2017,30.4,23.9
15/05/2017,26.5,18.9
16/05/2017,28.7,20.9
17/05/2017,26,18.8
18/05/2017,11.9,6.9
19/05/2017,14.7,9.6
20/05/2017,5.6,4.1
21/05/2017,13.6,8.5
22/05/2017,32.6,22.4
23/05/2017,40.3,30
24/05/2017,19,11.1
25/05/2017,18.1,11.7
26/05/2017,37,27.6
27/05/2017,19.8,15
28/05/2017,17.1,11.2
29/05/2017,16.6,12.7
30/05/2017,30.8,25.1
31/05/2017,16.3,11.6
1/06/2017,17.3,12.4
2/06/2017,11.2,8.4
3/06/2017,14,12.5
4/06/2017,6.9,5.7
5/06/2017,7.5,5.6
6/06/2017,14.5,12
7/06/2017,18.6,14.6
8/06/2017,23,17.5
9/06/2017,32.8,26.1
10/06/2017,47.4,35.7
11/06/2017,57.1,49
12/06/2017,19.5,15.7
13/06/2017,12.7,8.2
14/06/2017,12.3,6.6
15/06/2017,36.6,26.2
16/06/2017,32.8,23
17/06/2017,38.2,30.7
18/06/2017,55.3,49.4
19/06/2017,33.1,24.1
20/06/2017,37.6,29.6
21/06/2017,46.5,37.1
22/06/2017,14.8,11.3
23/06/2017,7.9,6
24/06/2017,24.1,20.9
25/06/2017,40.6,36.6
26/06/2017,34.4,28.7
27/06/2017,23.7,18.4
28/06/2017,39.5,29.5
29/06/2017,20,12.3
30/06/2017,17.5,12.2
1/07/2017,17.5,12.9
2/07/2017,20.9,16.5
3/07/2017,18.1,12.8
4/07/2017,18.5,15.4
5/07/2017,17.8,14.7
6/07/2017,24.3,19.3
7/07/2017,19.2,15.4
8/07/2017,23.8,17.5
9/07/2017,20.7,15.5
10/07/2017,25.1,19.2
11/07/2017,23.8,20.6
12/07/2017,7.5,6.7
13/07/2017,7.2,6.5
14/07/2017,12.7,10.3
15/07/2017,26.5,19.3
16/07/2017,54.1,44.3
17/07/2017,15.5,13.7
18/07/2017,18.8,13.4
19/07/2017,42.3,28.2
20/07/2017,42.2,29.9
21/07/2017,8.4,6.8
22/07/2017,4.6,4.7
23/07/2017,16.1,11.8
24/07/2017,55.2,43.6
25/07/2017,50.1,38.9
26/07/2017,36.5,25.1
27/07/2017,8.9,5.5
28/07/2017,11.8,7.1
29/07/2017,24.2,18.2
30/07/2017,32.1,23.7
31/07/2017,24.6,17
1/08/2017,17,11.2
2/08/2017,17.8,12.7
3/08/2017,21.3,16.9
4/08/2017,15.6,10.2
5/08/2017,16.4,10.3
6/08/2017,6.7,3.6
7/08/2017,24,14.4
8/08/2017,36.8,25.1
9/08/2017,31.3,24.5
10/08/2017,54.3,45.4
11/08/2017,28.8,21.9
12/08/2017,10.2,6
13/08/2017,9.5,6.4
14/08/2017,5.4,3.4
15/08/2017,19.8,15.5
16/08/2017,17,11.2
17/08/2017,6.4,2.3
18/08/2017,22.7,14.8
19/08/2017,18.6,12.3
20/08/2017,7.8,4.4
21/08/2017,13.1,7.3
22/08/2017,19.1,11.6
23/08/2017,35.7,25.2
24/08/2017,23,15.8
25/08/2017,34.9,23.8
26/08/2017,60.8,46.4
27/08/2017,26.2,17
28/08/2017,20,8.5
29/08/2017,19.3,9.4
30/08/2017,15.2,6.9
31/08/2017,8.6,4.2
1/09/2017,7,3.5
2/09/2017,8,4.9
3/09/2017,13.3,9.9
4/09/2017,17.8,13.3
5/09/2017,21.7,14.4
6/09/2017,10.1,5.7
7/09/2017,13.5,7.3
8/09/2017,11.9,5.6
9/09/2017,10.5,5.9
10/09/2017,14.2,10
11/09/2017,12.6,8.1
12/09/2017,13.2,7.5
13/09/2017,27,15.9
14/09/2017,21.3,9.7
15/09/2017,10.2,1.8
16/09/2017,14.2,6.4
17/09/2017,13.3,6.6
18/09/2017,9.7,4.1
19/09/2017,16.5,6.7
20/09/2017,10.8,4.1
21/09/2017,13.9,6.1
22/09/2017,13.5,5.4
23/09/2017,13.2,6.2
24/09/2017,17.1,
25/09/2017,11.7,
26/09/2017,14.5,4.9
27/09/2017,13,4
28/09/2017,12.2,4
29/09/2017,8.9,2.7
30/09/2017,9.5,4
1/10/2017,12.2,5.2
2/10/2017,21.4,8.8
3/10/2017,17.9,5.3
4/10/2017,15.6,4.5
5/10/2017,20.2,5.7
6/10/2017,17.9,6.3
7/10/2017,9.6,4.9
8/10/2017,10.6,2.8
9/10/2017,13.6,4.1
10/10/2017,5.6,2.6
11/10/2017,11.3,6.9
12/10/2017,14.8,4
13/10/2017,10.8,4.3
14/10/2017,12.4,5.4
15/10/2017,8.8,2.8
16/10/2017,15.7,4.8
17/10/2017,14.1,5.3
18/10/2017,12.9,4.5
19/10/2017,18.3,7
20/10/2017,15.5,6
21/10/2017,13.9,6.3
22/10/2017,12.1,5.4
23/10/2017,11.7,3.7
24/10/2017,13.9,4.8
25/10/2017,14.8,4.3
26/10/2017,8.4,3.2
27/10/2017,12.8,4.1
28/10/2017,11.7,3.7
29/10/2017,12.4,5.7
30/10/2017,15.1,6.3
31/10/2017,18.5,5.8
1/11/2017,23.4,8.5
2/11/2017,17.2,4.5
3/11/2017,7.4,2.4
4/11/2017,11.2,2.2
5/11/2017,11.4,1.2
6/11/2017,11.1,2.8
7/11/2017,15,3.6
8/11/2017,10.3,3.7
9/11/2017,14.7,4.8
10/11/2017,22.4,5.8
11/11/2017,16.2,3.4
12/11/2017,12.5,3.7
13/11/2017,12.7,3.1
14/11/2017,13.5,5.2
15/11/2017,16.2,5.9
16/11/2017,16.2,5.4
17/11/2017,18.6,6.4
18/11/2017,17,4.6
19/11/2017,14.5,6.2
20/11/2017,18.4,6.8
21/11/2017,17.3,5.5
22/11/2017,15.9,6.2
23/11/2017,13,5.7
24/11/2017,14.4,5.9
25/11/2017,9.2,3.2
26/11/2017,8,2.7
27/11/2017,10.8,3.4
28/11/2017,10.7,3.5
29/11/2017,11.7,4.8
30/11/2017,14.3,5.2
1/12/2017,16.1,5.1
2/12/2017,18,7.9
3/12/2017,17.8,6.4
4/12/2017,19.7,8.6
5/12/2017,20.2,7.2
6/12/2017,17.4,6.1
7/12/2017,18.8,5.4
8/12/2017,23.7,9.4
9/12/2017,13.7,3.7
10/12/2017,13.1,4
11/12/2017,19.6,5.6
12/12/2017,13.4,3.5
13/12/2017,7.1,2.5
14/12/2017,8.2,2.5
15/12/2017,13.8,
16/12/2017,18.8,
17/12/2017,21.5,
18/12/2017,14.5,
19/12/2017,18.4,
20/12/2017,16.4,
21/12/2017,24.4,
22/12/2017,11.5,
23/12/2017,15.5,
24/12/2017,19.9,
25/12/2017,11.4,
26/12/2017,8.8,
27/12/2017,11.3,
28/12/2017,14.8,
29/12/2017,10.4,2.9
30/12/2017,19.2,4.7
31/12/2017,12.2,3.7
1/01/2018,12.6,3.1
2/01/2018,15.4,4.9
3/01/2018,15.7,6.9
4/01/2018,18.4,7.1
5/01/2018,6.4,2
6/01/2018,16.7,4.1
7/01/2018,17.9,4.7
8/01/2018,19.1,5.9
9/01/2018,29.8,9.3
10/01/2018,11.7,4.6
11/01/2018,5.3,1.9
12/01/2018,8.2,2.3
13/01/2018,9.9,2.7
14/01/2018,12.5,4.1
15/01/2018,23.8,10.3
16/01/2018,30.3,9.1
17/01/2018,22,5.9
18/01/2018,10.4,4
19/01/2018,12,4.6
20/01/2018,13.9,4.5
21/01/2018,11.6,5.1
22/01/2018,13.3,4.8
23/01/2018,14.8,5.4
24/01/2018,20.5,6.5
25/01/2018,21,8.4
26/01/2018,12,4.5
27/01/2018,10.7,4
28/01/2018,14.8,6.7
29/01/2018,15.8,5.6
30/01/2018,15.7,6.2
31/01/2018,14.9,4.7
1/02/2018,30.6,5.7
2/02/2018,7,2.2
3/02/2018,10.3,3.9
4/02/2018,11.1,3.8
5/02/2018,8.1,1.9
6/02/2018,13.3,2.1
7/02/2018,12.3,2.6
8/02/2018,14.4,2.7
9/02/2018,17,3.5
10/02/2018,15.8,4.3
11/02/2018,7.2,2.7
12/02/2018,9.5,4.5
13/02/2018,12.2,3.1
14/02/2018,12.1,3.9
15/02/2018,10.3,2.9
16/02/2018,20.3,5.2
17/02/2018,14,4.9
18/02/2018,13.4,3.9
19/02/2018,14.4,5.2
20/02/2018,5.3,3.4
21/02/2018,5.1,1.7
22/02/2018,6.2,1.4
23/02/2018,8.3,3.8
24/02/2018,8.5,3.3
25/02/2018,4.7,1
26/02/2018,10,3.6
27/02/2018,9.6,3.3
28/02/2018,8.7,2.2
1/03/2018,16.3,4.5
2/03/2018,16.5,7.3
3/03/2018,19.1,6.4
4/03/2018,14.4,4.2
5/03/2018,19,5.7
6/03/2018,8.1,2.3
7/03/2018,11.9,2.2
8/03/2018,8.8,1.8
9/03/2018,9.9,2.9
10/03/2018,9.7,3.8
11/03/2018,12.8,3.3
12/03/2018,14.7,4.4
13/03/2018,17.6,6.1
14/03/2018,10.1,2.2
15/03/2018,13.6,3.8
16/03/2018,18,4.2
17/03/2018,15.9,3.3
18/03/2018,12.9,3.2
19/03/2018,13.5,5.2
20/03/2018,21.9,5.7
21/03/2018,14,4.5
22/03/2018,4.6,1.1
23/03/2018,8.2,3.6
24/03/2018,7.2,4
25/03/2018,6.4,3.1
26/03/2018,11.4,5.1
27/03/2018,7.4,1.8
28/03/2018,9.8,1.8
29/03/2018,13.8,4.4
30/03/2018,12.4,3.6
31/03/2018,17.1,4.3
1/04/2018,13.7,3.3
2/04/2018,11.1,2.5
3/04/2018,14.4,3.9
4/04/2018,9.4,1.8
5/04/2018,28.8,8.6
6/04/2018,15,2.8
7/04/2018,13.7,5.6
8/04/2018,11.1,4.6
9/04/2018,7.6,2.4
10/04/2018,5.7,2.2
11/04/2018,6.6,2.4
12/04/2018,9.3,4.8
13/04/2018,16.8,10.5
14/04/2018,10.5,5.2
15/04/2018,11.9,2.6
16/04/2018,5,1.3
17/04/2018,,3
18/04/2018,12.6,5.1
19/04/2018,17,8.8
20/04/2018,5.3,0.5
21/04/2018,14.3,3.5
22/04/2018,12.1,5.2
23/04/2018,16.4,7.7
24/04/2018,15.6,6.5
25/04/2018,10.6,6
26/04/2018,18.1,4.9
27/04/2018,29.4,13.4
28/04/2018,10.8,6.5
29/04/2018,12.9,9.4
30/04/2018,10.6,5.4
1/05/2018,17.4,8.2
2/05/2018,21.6,10.8
3/05/2018,20,10.1
4/05/2018,24,15
5/05/2018,16.5,10.9
6/05/2018,7.6,3.5
7/05/2018,7,2.9
8/05/2018,6.8,1
9/05/2018,17.1,4.8
10/05/2018,29.4,13.9
11/05/2018,16.7,7.7
12/05/2018,15.5,6.9
13/05/2018,18.2,8.1
14/05/2018,16.7,7.7
15/05/2018,12.4,8
16/05/2018,13.9,9.6
17/05/2018,14.9,9.4
18/05/2018,7.9,3.9
19/05/2018,11.3,7.6
20/05/2018,6.2,3.1
21/05/2018,18.5,12.5
22/05/2018,10.8,7
23/05/2018,8.7,4.7
24/05/2018,8,4.3
25/05/2018,10.7,6.6
26/05/2018,18.9,13.1
27/05/2018,8.3,3
28/05/2018,5.5,2
29/05/2018,18,11.1
30/05/2018,17.4,10.3
31/05/2018,19.7,12.1
1/06/2018,17.8,11.2
2/06/2018,23.8,18.6
3/06/2018,15.7,10.2
4/06/2018,10,6.7
5/06/2018,7.5,4
6/06/2018,8.5,3.5
7/06/2018,11.9,4.8
8/06/2018,16.7,7.2
9/06/2018,28.7,20.8
10/06/2018,13.2,7.5
11/06/2018,13.1,7.9
12/06/2018,11.7,6.8
13/06/2018,5.7,3.1
14/06/2018,8.3,4.9
15/06/2018,13.7,8.2
16/06/2018,9,6.7
17/06/2018,16.2,12.2
18/06/2018,11.2,6.9
19/06/2018,7.9,4
20/06/2018,22.2,15.3
21/06/2018,24.4,17.8
22/06/2018,31.3,22.8
23/06/2018,33.1,24.3
24/06/2018,16.9,13.5
25/06/2018,20.6,13.1
26/06/2018,13.4,6.4
27/06/2018,26.5,18.7
28/06/2018,20.2,12.2
29/06/2018,22.2,14.1
30/06/2018,32,22.9
1/07/2018,26.4,20.5
2/07/2018,10.3,4.7
3/07/2018,17.2,10
4/07/2018,36.6,26.9
5/07/2018,34.1,23.2
6/07/2018,27.3,17.6
7/07/2018,8.7,4.6
8/07/2018,14.4,10.9
9/07/2018,10.3,6.2
10/07/2018,15.4,10.4
11/07/2018,27.6,19.8
12/07/2018,23.2,11.5
13/07/2018,42.6,31.6
14/07/2018,32.7,25.5
15/07/2018,22.2,14.1
16/07/2018,12.6,6.4
17/07/2018,34.8,21.9
18/07/2018,32.8,23.7
19/07/2018,39.9,31.3
20/07/2018,37.8,31.2
21/07/2018,13.7,10.4
22/07/2018,6.5,4.6
23/07/2018,8.6,5.1
24/07/2018,14.3,10.9
25/07/2018,21.2,14.8
26/07/2018,49.2,41.5
27/07/2018,31.9,25.1
28/07/2018,15.6,10.7
29/07/2018,16.4,11.5
30/07/2018,12.8,6.6
31/07/2018,10.3,5.3
1/08/2018,44.2,32.2
2/08/2018,44.5,32.6
3/08/2018,24.3,17.5
4/08/2018,17.7,11.7
5/08/2018,22.3,17.3
6/08/2018,15.4,11.4
7/08/2018,13.5,8.1
8/08/2018,21,10.9
9/08/2018,20.1,14.5
10/08/2018,25.2,15.4
11/08/2018,22.1,14.6
12/08/2018,24.2,16.1
13/08/2018,39.7,29.1
14/08/2018,33.7,22.1
15/08/2018,11.1,5.4
16/08/2018,16.8,9.3
17/08/2018,15.4,7.2
18/08/2018,20.8,15.3
19/08/2018,14.2,9.3
20/08/2018,12.9,8.1
21/08/2018,21.5,14.9
22/08/2018,26,19.1
23/08/2018,14.9,7.7
24/08/2018,12.9,7.3
25/08/2018,21.5,11.7
26/08/2018,28.2,15.8
27/08/2018,28.2,15.3
28/08/2018,24.2,10.7
29/08/2018,26.2,15.1
30/08/2018,18.6,10.2
31/08/2018,10,5.2
1/09/2018,15.2,7.7
2/09/2018,16.5,9.1
3/09/2018,12,4.5
4/09/2018,11.6,5.8
5/09/2018,24.7,11.9
6/09/2018,25.7,19.7
7/09/2018,19.5,9.2
8/09/2018,21.3,14.6
9/09/2018,24.7,16.2
10/09/2018,28.1,16.6
11/09/2018,29.7,16.7
12/09/2018,24,14.2
13/09/2018,21.6,9.4
14/09/2018,14.2,3.1
15/09/2018,20.9,9.7
16/09/2018,15.8,8.3
17/09/2018,12.7,4.7
18/09/2018,10.5,2.9
19/09/2018,18.6,5.9
20/09/2018,21.6,8.2
21/09/2018,18,7.1
22/09/2018,15.9,5.2
23/09/2018,21.8,8.5
24/09/2018,13.2,4
25/09/2018,13.7,6.9
26/09/2018,19.9,
27/09/2018,16.1,
28/09/2018,18.5,
29/09/2018,11.9,
30/09/2018,12.8,
1/10/2018,18.5,
2/10/2018,13.1,
3/10/2018,13.2,
4/10/2018,11.6,
5/10/2018,12,
6/10/2018,16.1,
7/10/2018,12.9,
8/10/2018,14.1,
9/10/2018,17.2,
10/10/2018,15.6,
11/10/2018,8.9,
12/10/2018,11.1,3.8
13/10/2018,13,6.6
14/10/2018,15.9,6.9
15/10/2018,21,7.1
16/10/2018,19.1,7.1
17/10/2018,11,4.4
18/10/2018,14.6,4.2
19/10/2018,18.5,6
20/10/2018,16.4,6
21/10/2018,17.5,6.9
22/10/2018,15.4,5.9
23/10/2018,13.8,4.6
24/10/2018,15.5,5.1
25/10/2018,8.5,3.8
26/10/2018,6.7,1.7
27/10/2018,10.4,4.1
28/10/2018,10.7,4.5
29/10/2018,9.5,4.3
30/10/2018,7.4,3
31/10/2018,17.9,6.2
1/11/2018,10.5,2.8
2/11/2018,14.7,4.5
3/11/2018,8.2,1.9
4/11/2018,5.1,0.8
5/11/2018,13.4,3
6/11/2018,20.5,5.9
7/11/2018,17.1,5.5
8/11/2018,10.2,3.8
9/11/2018,4.4,1.9
10/11/2018,5.7,1.2
11/11/2018,10.7,2.8
12/11/2018,10.4,3.5
13/11/2018,12.6,4.7
14/11/2018,12.6,4.3
15/11/2018,15.7,5.6
16/11/2018,13.2,4
17/11/2018,10.8,3.5
18/11/2018,10.3,3.4
19/11/2018,4.1,1.2
20/11/2018,7.3,3
21/11/2018,8.7,2.9
22/11/2018,8.9,2.8
23/11/2018,10.9,4
24/11/2018,9.7,2.7
25/11/2018,14.7,2.9
26/11/2018,14.5,3
27/11/2018,11.8,3.1
28/11/2018,8.1,2.2
29/11/2018,12.2,2.9
30/11/2018,11.2,3.3
1/12/2018,24.9,6.1
2/12/2018,19.6,5.9
3/12/2018,9.2,3.4
4/12/2018,8.1,1.8
5/12/2018,7.9,1.6
6/12/2018,16.9,4
7/12/2018,22.4,5.6
8/12/2018,23.3,7.9
9/12/2018,25.3,10
10/12/2018,20,5.5
11/12/2018,14.4,3.8
12/12/2018,6.8,1.8
13/12/2018,8.7,2.4
14/12/2018,7.7,2.2
15/12/2018,12.6,5.5
16/12/2018,7.9,3
17/12/2018,12.4,4
18/12/2018,10.7,2.3
19/12/2018,6.7,2.7
20/12/2018,7.8,2.7
21/12/2018,9.4,3.3
22/12/2018,7.3,3
23/12/2018,6.4,1.8
24/12/2018,13.2,2.8
25/12/2018,10.3,2.6
26/12/2018,13.1,3.2
27/12/2018,14.1,3.9
28/12/2018,14.9,4.1
29/12/2018,12.5,3.4
30/12/2018,18.7,5.8
31/12/2018,21.5,6.6
1/01/2019,10.2,3.6
2/01/2019,11,3.2
3/01/2019,19.7,6
4/01/2019,21.2,6.1
5/01/2019,15.1,3.9
6/01/2019,13.5,3.1
7/01/2019,7.1,1.7
8/01/2019,14.7,3.9
9/01/2019,15.5,4.1
10/01/2019,15,4.4
11/01/2019,15,4.5
12/01/2019,9.3,2
13/01/2019,8.2,3
14/01/2019,9,2.4
15/01/2019,10.1,3.1
16/01/2019,12.3,3.1
17/01/2019,15.3,5.1
18/01/2019,10.6,3.9
19/01/2019,12.5,3.3
20/01/2019,7.8,1.8
21/01/2019,14.7,3.3
22/01/2019,12.5,3.4
23/01/2019,10.2,2.1
24/01/2019,10.8,2.3
25/01/2019,14.3,3.9
26/01/2019,20.7,6.1
27/01/2019,17,4.9
28/01/2019,15.1,5.8
29/01/2019,14.9,4.4
30/01/2019,19.7,6.8
31/01/2019,19,
1/02/2019,17.7,
2/02/2019,12.8,
3/02/2019,17.8,
4/02/2019,18.5,
5/02/2019,19.1,
6/02/2019,15.5,
7/02/2019,13,
8/02/2019,17.7,4.5
9/02/2019,17.3,4.7
10/02/2019,19.5,5.4
11/02/2019,19.9,4.8
12/02/2019,24.9,5.6
13/02/2019,17.2,5.7
14/02/2019,16.2,3.6
15/02/2019,10.3,1.8
16/02/2019,10,2.5
17/02/2019,11,2
18/02/2019,14.4,3.5
19/02/2019,14.4,3.1
20/02/2019,16.7,2.6
21/02/2019,14.1,3
22/02/2019,20.3,3.4
23/02/2019,13.3,2.5
24/02/2019,6.7,1.1
25/02/2019,4.3,0.6
26/02/2019,10.5,2.1
27/02/2019,8.6,2
28/02/2019,7.6,1.1
1/03/2019,8.6,1.9
2/03/2019,13.7,3.2
3/03/2019,12.2,3.1
4/03/2019,15.9,5.3
5/03/2019,19.6,4.1
6/03/2019,21.7,5.7
7/03/2019,12.3,2.3
8/03/2019,10.8,2.7
9/03/2019,9,2.5
10/03/2019,9.8,3.3
11/03/2019,9,3.3
12/03/2019,10.2,3.5
13/03/2019,13.1,4.9
14/03/2019,18.4,3
15/03/2019,13.1,4.2
16/03/2019,9,2.9
17/03/2019,9.7,1.7
18/03/2019,7.1,1.4
19/03/2019,8.6,1.7
20/03/2019,9,1.4
21/03/2019,6.2,0.5
22/03/2019,6.3,0.8
23/03/2019,10.1,3.3
24/03/2019,9.2,3.9
25/03/2019,11.4,2.9
26/03/2019,7.8,1.2
27/03/2019,9.2,1.1
28/03/2019,13.6,2.8
29/03/2019,13.1,3.2
30/03/2019,12.6,2.8
31/03/2019,13.8,3.8
1/04/2019,7.2,1.3
2/04/2019,10,3.3
3/04/2019,7.4,2.2
4/04/2019,9.4,3
5/04/2019,6.2,2.2
6/04/2019,8.3,4.3
7/04/2019,11.1,5.2
8/04/2019,12,4.5
9/04/2019,12.8,4.7
10/04/2019,8.3,3.1
11/04/2019,6.6,2.8
12/04/2019,12.1,4.1
13/04/2019,19.1,8.1
14/04/2019,13.1,4.6
15/04/2019,15.9,5.7
16/04/2019,12.6,7.5
17/04/2019,,14
18/04/2019,,11.6
19/04/2019,13,
20/04/2019,11.5,
21/04/2019,13.7,
22/04/2019,18.4,
23/04/2019,6.6,
24/04/2019,11.1,
25/04/2019,13.9,
26/04/2019,14.4,
27/04/2019,5.7,
28/04/2019,6.3,
29/04/2019,6.2,
30/04/2019,14.6,6.5
1/05/2019,15.9,9.9
2/05/2019,13.5,5.9
3/05/2019,25,12.8
4/05/2019,30.1,19.4
5/05/2019,20.6,12.6
6/05/2019,17.1,6.3
7/05/2019,24,7.5
8/05/2019,25.4,12.2
9/05/2019,17.7,10.1
10/05/2019,20.9,13.6
11/05/2019,13.8,9.2
12/05/2019,12.3,7.4
13/05/2019,20.1,12.6
14/05/2019,15.7,9.1
15/05/2019,18.9,9.9
16/05/2019,17.5,5.4
17/05/2019,15.5,9.4
18/05/2019,39,31.8
19/05/2019,23.7,13.9
20/05/2019,19,9.9
21/05/2019,25.1,17
22/05/2019,29.8,21.3
23/05/2019,21,12.2
24/05/2019,25.6,19.3
25/05/2019,23.3,19.1
26/05/2019,39.8,34.4
27/05/2019,14.2,8.3
28/05/2019,13.3,5.7
29/05/2019,10.4,3.9
30/05/2019,7.6,0.9
31/05/2019,8,4.2
1/06/2019,4.9,2.5
2/06/2019,6.9,4.1
3/06/2019,28.9,23.8
4/06/2019,25.9,20.8
5/06/2019,15.3,11.3
6/06/2019,21.4,18.3
7/06/2019,23.8,18.9
8/06/2019,23,15.1
9/06/2019,41.4,32.7
10/06/2019,28,18.4
11/06/2019,43.1,34.7
12/06/2019,29,23.4
13/06/2019,13.3,6.8
14/06/2019,11.3,6.8
15/06/2019,19.2,13.3
16/06/2019,24.9,20.9
17/06/2019,13.9,9.6
18/06/2019,14.6,9.9
19/06/2019,35.6,28.4
20/06/2019,32.6,25.6
21/06/2019,10.6,4.4
22/06/2019,27.7,19.7
23/06/2019,33.2,26.5
24/06/2019,16.1,11.6
25/06/2019,32.2,23.4
26/06/2019,28.9,21
27/06/2019,38.8,32.7
28/06/2019,46.3,31.4
29/06/2019,46.3,36.8
30/06/2019,33.8,27.1
1/07/2019,71.5,59.5
2/07/2019,47.1,37.6
3/07/2019,9,2.7
4/07/2019,15.8,6
5/07/2019,7.3,3.2
6/07/2019,18.3,11.9
7/07/2019,68.9,64
8/07/2019,29.8,19.1
9/07/2019,38.7,31.4
10/07/2019,28,21.6
11/07/2019,29.5,18.9
12/07/2019,30.7,24
13/07/2019,23.5,16.6
14/07/2019,8.4,5.3
15/07/2019,11.7,6.7
16/07/2019,24.7,18.1
17/07/2019,17.9,12.8
18/07/2019,45.6,41.1
19/07/2019,16.4,12.8
20/07/2019,5.9,3.3
21/07/2019,12.2,6
22/07/2019,12.6,6.9
23/07/2019,13.6,9.2
24/07/2019,12.1,8.3
25/07/2019,22.9,15.3
26/07/2019,11.8,8.1
27/07/2019,36.8,29.3
28/07/2019,49.1,43.4
29/07/2019,50.2,43.9
30/07/2019,18.2,11.5
31/07/2019,9.4,4.8
1/08/2019,14.3,
2/08/2019,15.1,
3/08/2019,16.2,12
4/08/2019,24.7,21.1
5/08/2019,23.4,18.4
6/08/2019,38.5,31.1
7/08/2019,48,41.2
8/08/2019,31,22.9
9/08/2019,16.4,10.1
10/08/2019,12.2,6.3
11/08/2019,10.5,7.8
12/08/2019,12.2,10.5
13/08/2019,17.7,12.9
14/08/2019,16.8,7.8
15/08/2019,34.5,23.1
16/08/2019,20.9,15.4
17/08/2019,10.9,6.4
18/08/2019,12.3,7.4
19/08/2019,22.5,17.3
20/08/2019,12.3,7.6
21/08/2019,16.8,10.6
22/08/2019,10.6,8.8
23/08/2019,14,9.1
24/08/2019,13.9,8.1
25/08/2019,18.1,13.3
26/08/2019,13.5,8.6
27/08/2019,13.5,13
28/08/2019,14.8,11.7
29/08/2019,17.6,9.9
30/08/2019,17.2,9.5
31/08/2019,21.6,14
1/09/2019,24.4,17
2/09/2019,15.7,8
3/09/2019,18.9,8.8
4/09/2019,15.4,9.7
5/09/2019,11.3,8.3
6/09/2019,11.1,5
7/09/2019,20.6,17.6
8/09/2019,19.4,14.9
9/09/2019,15,9.8
10/09/2019,18.3,11.2
11/09/2019,15,7.8
12/09/2019,15.8,9.2
13/09/2019,9.8,5.5
14/09/2019,12.2,11.9
15/09/2019,12.4,9.9
16/09/2019,8.8,6.2
17/09/2019,10.7,4.5
18/09/2019,20,10.8
19/09/2019,16.3,7.5
20/09/2019,18.8,9.1
21/09/2019,16.6,9.1
22/09/2019,14.5,6.9
23/09/2019,11.5,5.3
24/09/2019,14.4,6.8
25/09/2019,9.3,6.4
26/09/2019,5.2,3
27/09/2019,15.9,7.8
28/09/2019,11.1,7.1
29/09/2019,4.6,2.4
30/09/2019,7.9,3.7
1/10/2019,8.3,5.6
2/10/2019,13.2,7.8
3/10/2019,13.3,8.8
4/10/2019,23.6,15.6
5/10/2019,13.7,8.6
6/10/2019,14.3,7.5
7/10/2019,17.3,7.8
8/10/2019,16.6,6.9
9/10/2019,15,5.9
10/10/2019,13.6,6.3
11/10/2019,13,8
12/10/2019,6.8,4.2
13/10/2019,5.5,3.5
14/10/2019,5.6,2.8
15/10/2019,9.6,3.6
16/10/2019,13.4,7.9
17/10/2019,11.2,7.1
18/10/2019,6.7,5
19/10/2019,8.2,5
20/10/2019,10.2,5.8
21/10/2019,13.3,4.3
22/10/2019,8,3.6
23/10/2019,7.4,3.5
24/10/2019,12.8,9.5
25/10/2019,13.1,6.1
26/10/2019,19.1,8
27/10/2019,10,4.4
28/10/2019,7.4,2.7
29/10/2019,7.8,4
30/10/2019,15.4,8.9
31/10/2019,12,5.3
1/11/2019,20.8,7.9
2/11/2019,27.3,10.1
3/11/2019,23.4,9.5
4/11/2019,30.2,11
5/11/2019,19,7.5
6/11/2019,16.1,7.7
7/11/2019,12.1,5.2
8/11/2019,18,4.9
9/11/2019,16,4.2
10/11/2019,8.2,3.6
11/11/2019,8,4.3
12/11/2019,11.1,4.7
13/11/2019,13,6.9
14/11/2019,10.1,5.2
15/11/2019,7.7,3.8
16/11/2019,7.4,4.1
17/11/2019,10.6,4.5
18/11/2019,10,3.9
19/11/2019,7.1,3.3
20/11/2019,8.3,3.7
21/11/2019,11,5.2
22/11/2019,18.4,6.6
23/11/2019,22.3,8.9
24/11/2019,22.3,9
25/11/2019,18.5,6.2
26/11/2019,27,8.6
27/11/2019,16.8,6
28/11/2019,25.4,7.9
29/11/2019,11.7,4.5
30/11/2019,18.9,6.6
1/12/2019,9.5,3.6
2/12/2019,16.7,8.9
3/12/2019,9.1,1.8
4/12/2019,7.9,2.3
5/12/2019,7,1.9
6/12/2019,17.1,9.8
7/12/2019,23.4,14.6
8/12/2019,10.8,6.2
9/12/2019,10.4,3.1
10/12/2019,11.4,3.7
11/12/2019,18,7
12/12/2019,13.1,5
13/12/2019,17.5,6.3
14/12/2019,15.4,6.1
15/12/2019,11.9,4
16/12/2019,14.1,4.9
17/12/2019,5.1,2.3
18/12/2019,6.8,2.5
19/12/2019,8.7,4.2
20/12/2019,8.2,2.8
21/12/2019,8.9,4.3
22/12/2019,16.5,6.1
23/12/2019,13.2,4.8
24/12/2019,13.9,5.7
25/12/2019,14.3,5.7
26/12/2019,14,5.6
27/12/2019,9.2,2.6
28/12/2019,12.2,4
29/12/2019,17.6,6.8
30/12/2019,15.6,6.3
31/12/2019,15.4,6
1/01/2020,24.7,13.1
2/01/2020,26.9,19.3
3/01/2020,13.1,7.9
4/01/2020,10.3,3.7
5/01/2020,17.3,6.6
6/01/2020,13.7,4
7/01/2020,12,3.7
8/01/2020,13.8,4.2
9/01/2020,12.5,4.2
10/01/2020,14.4,5.1
11/01/2020,12.7,4.7
12/01/2020,9.1,3.8
13/01/2020,16.1,6.1
14/01/2020,12.1,4.6
15/01/2020,13.1,4.7
16/01/2020,11.5,4.1
17/01/2020,9.9,3
18/01/2020,11.1,3.7
19/01/2020,8.2,2.8
20/01/2020,4.9,2.2
21/01/2020,8.1,2.9
22/01/2020,16.3,6
23/01/2020,19.9,7.3
24/01/2020,13.2,5.8
25/01/2020,17.8,7.1
26/01/2020,13.3,6.9
27/01/2020,15.9,6.8
28/01/2020,11.7,5.3
29/01/2020,13.9,5
30/01/2020,19.5,6.9
31/01/2020,35.9,10.6
1/02/2020,28.5,10.1
2/02/2020,16.5,5.5
3/02/2020,35.2,20.9
4/02/2020,10,4.5
5/02/2020,9.5,3.3
6/02/2020,10,3.9
7/02/2020,12.5,4.5
8/02/2020,14,4.9
9/02/2020,8.2,3.2
10/02/2020,15.9,5.2
11/02/2020,24.1,9.5
12/02/2020,25.8,10.1
13/02/2020,23,9.6
14/02/2020,7.7,2.6
15/02/2020,16.4,5
16/02/2020,9.1,3.3
17/02/2020,7.5,1.9
18/02/2020,26.6,10.9
19/02/2020,12.8,5
20/02/2020,8.6,3.1
21/02/2020,9.8,2.7
22/02/2020,12.2,4.2
23/02/2020,7,2.9
24/02/2020,11.2,3.7
25/02/2020,12.6,4.7
26/02/2020,10.6,4
27/02/2020,11.2,4.1
28/02/2020,14.2,3.9
29/02/2020,10.6,3.5
1/03/2020,13.3,4.7
2/03/2020,17,5.7
3/03/2020,8,3.8
4/03/2020,16.4,5.6
5/03/2020,14.6,5.4
6/03/2020,16.4,6.1
7/03/2020,20,6.7
8/03/2020,20.5,8.7
9/03/2020,13.3,3.2
10/03/2020,6.1,3.3
11/03/2020,11.3,3.8
12/03/2020,10.8,4.5
13/03/2020,11.1,4.5
14/03/2020,11.8,4.6
15/03/2020,16.3,6.4
16/03/2020,18.4,4.8
17/03/2020,14.4,5.9
18/03/2020,14.2,5.2
19/03/2020,12.7,3.8
20/03/2020,14.6,6.5
21/03/2020,17.6,7.5
22/03/2020,8.7,3.4
23/03/2020,14,3.7
24/03/2020,7.7,5
25/03/2020,12.9,5.7
26/03/2020,8.8,3.5
27/03/2020,11.6,5
28/03/2020,8.1,4.3
29/03/2020,5.6,4.1
30/03/2020,8.3,5
31/03/2020,10.4,3.9
1/04/2020,9.7,6.2
2/04/2020,10.5,7.3
3/04/2020,,
9/04/2020,,
10/04/2020,,
11/04/2020,,
12/04/2020,,
13/04/2020,,
14/04/2020,,
15/04/2020,,
16/04/2020,,
17/04/2020,,
18/04/2020,,
19/04/2020,,
20/04/2020,,
21/04/2020,,
22/04/2020,,
23/04/2020,,
24/04/2020,,
25/04/2020,,
26/04/2020,,
27/04/2020,,
28/04/2020,,
29/04/2020,,
30/04/2020,,
1/05/2020,,
2/05/2020,14.7,8.2
3/05/2020,5.9,3.2
4/05/2020,15.3,13.2
5/05/2020,8.7,4.6
6/05/2020,14,12.2
7/05/2020,35.8,32.1
8/05/2020,30.2,21.5
9/05/2020,17,8.9
10/05/2020,11.9,9
11/05/2020,15.1,9.8
12/05/2020,20.3,11.6
13/05/2020,22.1,15.4
14/05/2020,27.8,21.3
15/05/2020,22.9,14
16/05/2020,39.6,32.8
17/05/2020,22,17.2
18/05/2020,17.6,12.6
19/05/2020,16.5,8.4
20/05/2020,25.2,18.1
21/05/2020,17.9,12.4
22/05/2020,29.6,18.2
23/05/2020,19.8,9.1
24/05/2020,35.4,25.4
25/05/2020,12.7,10.3
26/05/2020,25.4,20.6
27/05/2020,19,15.6
28/05/2020,16.8,13.6
29/05/2020,20.9,16.8
30/05/2020,40.4,36.8
31/05/2020,16.4,13.3
1/06/2020,11.9,5.8
2/06/2020,14.7,9.9
3/06/2020,33.4,29.8
4/06/2020,7.7,5.5
5/06/2020,33.2,26.7
6/06/2020,22.4,20.6
7/06/2020,56.4,53.2
8/06/2020,58.6,52.9
9/06/2020,36.1,31.4
10/06/2020,40,33.7
11/06/2020,35.2,28.2
12/06/2020,20.6,11.3
13/06/2020,35.7,28.7
14/06/2020,24.4,21.2
15/06/2020,19.4,14.3
16/06/2020,19.9,13.8
17/06/2020,21.1,15.7
18/06/2020,10.2,5.7
19/06/2020,12.6,9.9
20/06/2020,19.1,14.8
21/06/2020,12.1,8.1
22/06/2020,10.7,8
23/06/2020,14.4,11.7
24/06/2020,15.2,13.2
25/06/2020,9.4,7
26/06/2020,13.5,5.2
27/06/2020,13.4,5.6
28/06/2020,7.7,6.1
29/06/2020,12.3,9.8
30/06/2020,10.2,8.1
1/07/2020,6.2,4.3
2/07/2020,10.1,7.9
3/07/2020,30.8,26.1
4/07/2020,33.3,26.8
5/07/2020,19.3,15.2
6/07/2020,27.3,21.9
7/07/2020,24.8,21.4
8/07/2020,9.2,7.3
9/07/2020,11.4,8.9
10/07/2020,31.6,27.2
11/07/2020,57.7,53.6
12/07/2020,26.3,23.4
13/07/2020,18.9,13.2
14/07/2020,23.9,20.1
15/07/2020,23.3,21.2
16/07/2020,23.7,19.6
17/07/2020,17.7,15
18/07/2020,17.7,16.6
19/07/2020,10.4,8.3
20/07/2020,13.3,9.8
21/07/2020,20,13.8
22/07/2020,25.1,19.3
23/07/2020,30.5,22.9
24/07/2020,29.2,23.8
25/07/2020,31.7,27.2
26/07/2020,32.5,29
27/07/2020,20.2,16.2
28/07/2020,28.6,23.1
29/07/2020,24.2,17.5
30/07/2020,32.4,23.3
31/07/2020,37.9,23.4
1/08/2020,23.2,12.8
2/08/2020,22.7,13.4
3/08/2020,25.8,17.7
4/08/2020,47.7,35.2
5/08/2020,27.3,21
6/08/2020,21.1,11.9
7/08/2020,16.4,7.9
8/08/2020,20.2,15.4
9/08/2020,49.4,44.6
10/08/2020,57.1,49.5
11/08/2020,30.6,24.1
12/08/2020,18,12.2
13/08/2020,17.7,11.8
14/08/2020,23.3,16.3
15/08/2020,30.4,25.2
16/08/2020,23.6,19
17/08/2020,22.1,17.2
18/08/2020,15,8.6
19/08/2020,27.9,12.9
20/08/2020,19.7,11.6
21/08/2020,12.3,9.9
22/08/2020,9.7,7.4
23/08/2020,11.8,6.9
24/08/2020,16.2,12.3
25/08/2020,12.9,8.3
26/08/2020,18.2,14.5
27/08/2020,25.5,20.7
28/08/2020,14.7,11.4
29/08/2020,10.3,5.7
30/08/2020,8.4,5.6
31/08/2020,14.5,8.7
1/09/2020,12.7,8.5
2/09/2020,22,16.8
3/09/2020,9.1,6.8
4/09/2020,18.5,12.6
5/09/2020,20,11.3
6/09/2020,15.5,11
7/09/2020,13.7,6.7
8/09/2020,19.3,11.6
9/09/2020,16,10.5
10/09/2020,11.5,8.8
11/09/2020,13.5,10.3
12/09/2020,25.7,20.7
13/09/2020,17.5,14.5
14/09/2020,5.7,3.3
15/09/2020,6.6,5.5
16/09/2020,8.3,5.6
17/09/2020,8,2.9
18/09/2020,5.4,4
19/09/2020,11.9,6.6
20/09/2020,17.2,8.3
21/09/2020,18.4,10.4
22/09/2020,14.5,7.7
23/09/2020,8.4,3.5
24/09/2020,8.9,3.5
25/09/2020,6.4,3.4
26/09/2020,8.3,3.9
27/09/2020,4.4,3.4
28/09/2020,9.2,7.7
29/09/2020,10.4,5.2
30/09/2020,14.2,7.1
1/10/2020,19.3,8.9
2/10/2020,12.6,5.6
3/10/2020,7.8,3.3
4/10/2020,15.6,5.8
5/10/2020,22.7,6.8
6/10/2020,15.8,4
7/10/2020,12.3,5.4
8/10/2020,10.4,4.8
9/10/2020,16.8,10.1
10/10/2020,12.4,6.3
11/10/2020,5,2.8
12/10/2020,9.3,3.8
13/10/2020,8.2,4.7
14/10/2020,17.7,8.2
15/10/2020,9.8,5
16/10/2020,13.7,5.8
17/10/2020,15.3,5.1
18/10/2020,15.1,6
19/10/2020,13.7,5.5
20/10/2020,9.9,4.4
21/10/2020,13,4.8
22/10/2020,13.1,5.5
23/10/2020,14.1,5.9
24/10/2020,14.1,6.6
25/10/2020,9.3,4.2
26/10/2020,10,5.9
27/10/2020,10.1,6.3
28/10/2020,11.3,6.3
29/10/2020,11,5.3
30/10/2020,10.4,4.5
31/10/2020,6.9,2.7
1/11/2020,12.8,4.5
2/11/2020,15.8,5.4
3/11/2020,11.5,5.4
4/11/2020,9.2,5.3
5/11/2020,7.1,3
6/11/2020,13.5,5.6
7/11/2020,15.8,7.4
8/11/2020,10.4,5.3
9/11/2020,10,4.6
10/11/2020,7.5,3.7
11/11/2020,12.1,6.4
12/11/2020,15,6.6
13/11/2020,19.4,8.8
14/11/2020,12.7,5.8
15/11/2020,12.8,5.4
16/11/2020,12.6,4.6
17/11/2020,10.8,4.3
18/11/2020,13.4,5.9
19/11/2020,7.7,3.4
20/11/2020,9.8,5.1
21/11/2020,,
22/11/2020,,
23/11/2020,,
24/11/2020,13.3,5.3
25/11/2020,14.8,5.8
26/11/2020,4.5,3.6
27/11/2020,9.4,5.2
28/11/2020,14.8,8
29/11/2020,10.9,6.4
30/11/2020,11.3,7
1/12/2020,18.7,8.5
2/12/2020,13.8,6.7
3/12/2020,12.5,5.4
4/12/2020,9.2,4.5
5/12/2020,6.2,4.1
6/12/2020,10.9,5.7
7/12/2020,9.2,5.7
8/12/2020,12.8,6
9/12/2020,17.7,8.6
10/12/2020,16.9,8.9
11/12/2020,11.6,4.3
12/12/2020,14.1,5.5
13/12/2020,22.4,10.1
14/12/2020,24.2,10.2
15/12/2020,20.3,8.5
16/12/2020,20.2,9.6
17/12/2020,16.5,7.3
18/12/2020,22,9.5
19/12/2020,14.7,6.7
20/12/2020,10.8,5.6
21/12/2020,6.2,3.9
22/12/2020,9.6,6.3
23/12/2020,12.3,7.7
24/12/2020,7.1,5
25/12/2020,7.7,4.7
26/12/2020,6.1,4.2
27/12/2020,8,5.1
28/12/2020,8.9,4.9
29/12/2020,8.4,4.7
30/12/2020,8.2,4.6
31/12/2020,15.6,6.8
1/01/2021,18.8,8.6
2/01/2021,13,7
3/01/2021,8.6,5
4/01/2021,7.8,4.6
5/01/2021,12.4,6.9
6/01/2021,6.9,4.6
7/01/2021,8.6,5.5
8/01/2021,14.5,7.5
9/01/2021,14.5,7.5
10/01/2021,9.9,5.6
11/01/2021,17.2,7.8
12/01/2021,21.1,9.1
13/01/2021,21,10.5
14/01/2021,20,11.3
15/01/2021,19.2,11
16/01/2021,19.6,9.5
17/01/2021,11.7,6.3
18/01/2021,7.2,4.5
19/01/2021,8.8,4.3
20/01/2021,4.7,3.7
21/01/2021,6.2,4.4
22/01/2021,11.8,6.3
23/01/2021,11.1,5.5
24/01/2021,15.6,7.9
25/01/2021,14.9,7.4
26/01/2021,18.4,9
27/01/2021,19,7.7
28/01/2021,13.1,7.3
29/01/2021,8.8,5.2
30/01/2021,11.2,5.8
31/01/2021,17.2,9
1/02/2021,16.5,7.9
2/02/2021,17,8.3
3/02/2021,18.7,8.6
4/02/2021,19.5,8.1
5/02/2021,15.8,7.4
6/02/2021,9.5,5.1
7/02/2021,17,7.7
8/02/2021,20.1,9
9/02/2021,12.7,6.5
10/02/2021,4.4,3.8
11/02/2021,7.1,4.1
12/02/2021,17.1,8.3
13/02/2021,19.1,9
14/02/2021,13.1,6.9
15/02/2021,17.3,8.9
16/02/2021,13.8,7
17/02/2021,10.5,5.2
18/02/2021,12.4,4.2
19/02/2021,13.6,5.1
20/02/2021,15.1,6.9
21/02/2021,17.1,8.8
22/02/2021,16.3,7.9
23/02/2021,9.7,3.2
24/02/2021,10,2.7
25/02/2021,14.8,4
26/02/2021,5.8,2.3
27/02/2021,5.2,2.3
28/02/2021,12.5,4.9
1/03/2021,19.1,7.3
2/03/2021,10.1,3.3
3/03/2021,5.8,1.9
4/03/2021,16.4,3.8
5/03/2021,7,2.1
6/03/2021,4.9,0.6
7/03/2021,7,2.6
8/03/2021,6.9,2
9/03/2021,12,3.6
10/03/2021,7.8,1.9
11/03/2021,9.8,2.3
12/03/2021,9,2.9
13/03/2021,9,3
14/03/2021,13.9,4.3
15/03/2021,7.3,2.4
16/03/2021,11.2,3
17/03/2021,15.1,4.4
18/03/2021,20.6,6.7
19/03/2021,14.4,5.3
20/03/2021,12.7,4.8
21/03/2021,10.1,3.4
22/03/2021,12.8,4
23/03/2021,15.3,5.5
24/03/2021,10.6,3.7
25/03/2021,9.8,2.6
26/03/2021,14.1,4.9
27/03/2021,11.3,5.3
28/03/2021,5.4,1.6
29/03/2021,7.1,2.6
30/03/2021,9,4.5
31/03/2021,12.2,5
1/04/2021,10.4,3.6
2/04/2021,11.7,5.5
3/04/2021,14,7.3
4/04/2021,8.6,2.6
5/04/2021,16.3,6.4
6/04/2021,30.5,12
7/04/2021,13.2,5.9
8/04/2021,12.5,5.3
9/04/2021,14.6,6.8
10/04/2021,15.5,6.8
11/04/2021,3.5,1.1
12/04/2021,7.6,2.8
13/04/2021,7.8,3.1
14/04/2021,9.6,3.1
15/04/2021,12.3,5.7
16/04/2021,8,2.5
17/04/2021,6.3,3.5
18/04/2021,9.9,7.1
19/04/2021,10.5,6
20/04/2021,11.8,6.3
21/04/2021,14.5,6.1
22/04/2021,15.5,8
23/04/2021,7.9,3.5
24/04/2021,11.1,5.7
25/04/2021,9,5.9
26/04/2021,8,4.5
27/04/2021,9.3,5.5
28/04/2021,14.5,9.9
29/04/2021,16.8,12.5
30/04/2021,13.8,8.7
1/05/2021,17.3,11.2
2/05/2021,12.9,10
3/05/2021,16.4,11.7
4/05/2021,17.5,11.3
5/05/2021,15.3,7.8
6/05/2021,12.8,6.8
7/05/2021,15.4,9.7
8/05/2021,14.3,6.3
9/05/2021,7.8,3.5
10/05/2021,10,7
11/05/2021,5.6,2
12/05/2021,9.8,6.8
13/05/2021,13.2,8.7
14/05/2021,10.3,4.9
15/05/2021,14.3,6.3
16/05/2021,19.1,15.4
17/05/2021,20.7,16.2
18/05/2021,15,11.8
19/05/2021,26.4,18.6
20/05/2021,19.2,12.7
21/05/2021,13.2,7.1
22/05/2021,25.4,19.2
23/05/2021,20.4,16.1
24/05/2021,13.4,7.4
25/05/2021,9,6.6
26/05/2021,36.9,33.2
27/05/2021,52.9,46.1
28/05/2021,28.4,25.8
29/05/2021,12.1,8.6
30/05/2021,13.9,6
31/05/2021,7,3.6
1/06/2021,13.3,9.7
2/06/2021,46.1,43.3
3/06/2021,32.4,29
4/06/2021,35.6,31.7
5/06/2021,12.1,10.3
6/06/2021,15.9,9.4
7/06/2021,17.7,16.2
8/06/2021,14.1,10.9
9/06/2021,29,24.6
10/06/2021,17.3,13.8
11/06/2021,29,19.4
12/06/2021,30.3,25.8
13/06/2021,49.7,48.2
14/06/2021,16.5,15.8
15/06/2021,29.3,27.8
16/06/2021,23.8,22.4
17/06/2021,10.7,8.9
18/06/2021,13.2,10.8
19/06/2021,11.6,9.4
20/06/2021,7.5,6.8
21/06/2021,7,5.1
22/06/2021,14.5,11.4
23/06/2021,16.5,9.9
24/06/2021,47.7,41.7
25/06/2021,20.8,18.6
26/06/2021,16.1,12.6
27/06/2021,12.7,10.8
28/06/2021,14.8,10.6
29/06/2021,10.3,5.7
30/06/2021,12.1,8
1/07/2021,18.9,14.6
2/07/2021,26.5,21.3
3/07/2021,27.9,24.2
4/07/2021,38.1,35.5
5/07/2021,36.6,29.8
6/07/2021,10.3,3.9
7/07/2021,14,10.7
8/07/2021,18.1,15.7
9/07/2021,20.9,15.1
10/07/2021,18.6,12.8
11/07/2021,22.1,17.2
12/07/2021,45.7,39.2
13/07/2021,27.4,23.2
14/07/2021,55.1,51.2
15/07/2021,15.7,9.2
16/07/2021,11.4,7.3
17/07/2021,8.6,8.3
18/07/2021,8.8,7.8
19/07/2021,10.1,9.3
20/07/2021,23,18.9
21/07/2021,20.6,16.1
22/07/2021,12.8,10.2
23/07/2021,22.3,18
24/07/2021,17.7,13.8
25/07/2021,16.7,10.9
26/07/2021,22,10
27/07/2021,25.8,23.2
28/07/2021,26.1,21
29/07/2021,19.4,12.8
30/07/2021,19.5,14.2
31/07/2021,22.7,14.8
1/08/2021,12.2,6
2/08/2021,17.1,8.8
3/08/2021,11.1,5.7
4/08/2021,13.5,6
5/08/2021,18.6,9.9
6/08/2021,19,16.4
7/08/2021,18.9,13.5
8/08/2021,15.8,12.3
9/08/2021,12.3,9.1
10/08/2021,18.1,16.7
11/08/2021,21.4,17
12/08/2021,18.3,14.7
13/08/2021,7.8,5.8
14/08/2021,33.8,32.2
15/08/2021,49.4,45.1
16/08/2021,15.8,12.7
17/08/2021,7.4,6
18/08/2021,10.5,7.6
19/08/2021,23.5,21.6
20/08/2021,15.6,12.4
21/08/2021,10.9,6.7
22/08/2021,10.3,8.5
23/08/2021,9.4,8.3
24/08/2021,6,4.4
25/08/2021,7,4.2
26/08/2021,8.8,5.9
27/08/2021,9,5.2
28/08/2021,4.5,3.6
29/08/2021,7.7,6
30/08/2021,17.1,9.5
31/08/2021,16.2,10.6
1/09/2021,13.6,9.1
2/09/2021,20.5,15.8
3/09/2021,30.6,25.7
4/09/2021,17,12.6
5/09/2021,27.9,23.4
6/09/2021,11.8,7
7/09/2021,7.9,2
8/09/2021,11.3,7.8
9/09/2021,11.3,8.3
10/09/2021,9.9,3.3
11/09/2021,10.6,6.2
12/09/2021,12,5.8
13/09/2021,7.3,3.8
14/09/2021,14.3,11.1
15/09/2021,20.2,16.3
16/09/2021,12.4,8.4
17/09/2021,19.2,12.3
18/09/2021,21.4,17
19/09/2021,12.3,9.3
20/09/2021,15.6,9.3
21/09/2021,11.2,5.5
22/09/2021,8,3.8
23/09/2021,9.9,7.8
24/09/2021,11.4,5.9
25/09/2021,15.3,4.1
26/09/2021,7.8,6
27/09/2021,11.7,8.4
28/09/2021,12.7,8.5
29/09/2021,10.9,7.1
30/09/2021,8.7,4.5
1/10/2021,11.5,6.3
2/10/2021,15.8,9.2
3/10/2021,13.6,7.2
4/10/2021,8.1,4.9
5/10/2021,8.9,4
6/10/2021,9,5
7/10/2021,9,4.7
8/10/2021,7.4,2.6
9/10/2021,8.5,4.1
10/10/2021,7.7,3.5
11/10/2021,7.4,3.2
12/10/2021,4.5,2.2
13/10/2021,11.1,6.4
14/10/2021,8.2,3.4
15/10/2021,11.3,5.5
16/10/2021,11.6,4.9
17/10/2021,10.3,2.8
18/10/2021,8.1,2.4
19/10/2021,9.5,3.7
20/10/2021,10.1,4.6
21/10/2021,10.4,5.5
22/10/2021,11.8,5.2
23/10/2021,12.5,4.6
24/10/2021,21.8,8.3
25/10/2021,14.7,7.4
26/10/2021,7.8,5
27/10/2021,14.3,8.7
28/10/2021,6.9,4.2
29/10/2021,7.4,4
30/10/2021,11.2,4.8
31/10/2021,8.6,1.8
1/11/2021,18.9,6
2/11/2021,11.7,6
3/11/2021,12.9,5.1
4/11/2021,15.6,6.8
5/11/2021,17.1,5.9
6/11/2021,13.9,4.9
7/11/2021,8.3,3.5
8/11/2021,6.5,2.8
9/11/2021,6.4,3.1
10/11/2021,16.9,6.9
11/11/2021,14.3,6.2
12/11/2021,9.8,3.8
13/11/2021,13.7,4.4
14/11/2021,6.1,2.9
15/11/2021,5.6,2.1
16/11/2021,13.1,1.6
17/11/2021,7.3,1.9
18/11/2021,11.1,3.7
19/11/2021,9.8,3.4
20/11/2021,11.8,4.3
21/11/2021,9.8,4.1
22/11/2021,12.4,4.1
23/11/2021,11,4.6
24/11/2021,9.8,4.1
25/11/2021,19.2,7.6
26/11/2021,17.5,4.9
27/11/2021,7.5,3.4
28/11/2021,5.5,2.4
29/11/2021,4.5,2.9
30/11/2021,10.3,5.3
1/12/2021,9.6,4.3
2/12/2021,15.1,5.3
3/12/2021,19.1,6.7
4/12/2021,4.5,2.1
5/12/2021,4.5,2.1
6/12/2021,9,4.8
7/12/2021,5,3.1
8/12/2021,10.2,3.8
9/12/2021,14.7,7.6
10/12/2021,9,4.1
11/12/2021,7.7,3.8
12/12/2021,11.9,4.2
13/12/2021,9.7,3.7
14/12/2021,7.6,3.8
15/12/2021,3.7,2.4
16/12/2021,4.2,2.2
17/12/2021,7.1,3.3
18/12/2021,7.9,3.9
19/12/2021,13.2,6
20/12/2021,12.4,3.7
21/12/2021,9.2,3.2
22/12/2021,8.4,3.6
23/12/2021,19,6.3
24/12/2021,10.7,4.4
25/12/2021,10.5,3.9
26/12/2021,7.9,3.4
27/12/2021,10.6,4.4
28/12/2021,5.3,2.8
29/12/2021,6.2,2.7
30/12/2021,7.3,3
31/12/2021,9.5,3.9
1/01/2022,11.6,6.4
2/01/2022,14.2,6.3
3/01/2022,17.7,8.5
4/01/2022,14.1,7.6
5/01/2022,10.2,4.5
6/01/2022,10.9,3.8
7/01/2022,12.1,4.7
8/01/2022,11.9,4.2
9/01/2022,9.8,4.5
10/01/2022,12.2,5.7
11/01/2022,15.1,6.9
12/01/2022,9,3.7
13/01/2022,12.5,4.5
14/01/2022,11.8,4.7
15/01/2022,9.4,4.2
16/01/2022,11.3,4.3
17/01/2022,12.5,4.6
18/01/2022,15.9,6
19/01/2022,17.3,6.7
20/01/2022,4.4,2.1
21/01/2022,9.2,3.8
22/01/2022,13.1,5.1
23/01/2022,9.5,4.6
24/01/2022,9.1,3.2
25/01/2022,10.7,4.6
26/01/2022,10.4,5.5
27/01/2022,8.3,2.5
28/01/2022,11.3,3.1
29/01/2022,17.6,6
30/01/2022,12.1,5
31/01/2022,9.9,3.8
1/02/2022,13,5.3
2/02/2022,8.5,3.3
3/02/2022,8,3.3
4/02/2022,3.8,2
5/02/2022,3.6,2
6/02/2022,5.8,2.7
7/02/2022,7.7,3.3
8/02/2022,8.8,3.5
9/02/2022,5.6,2.6
10/02/2022,7,3.9
11/02/2022,6.3,3.7
12/02/2022,3.7,2.1
13/02/2022,5,2.7
14/02/2022,5.8,2.5
15/02/2022,9.5,3.8
16/02/2022,10.4,5.1
17/02/2022,9.7,4.2
18/02/2022,10.6,4.5
19/02/2022,9,3.7
20/02/2022,11.9,4.9
21/02/2022,10.5,3.9
22/02/2022,11.5,4.6
23/02/2022,12.1,5
24/02/2022,14.1,5.6
25/02/2022,11.9,4.3
26/02/2022,12.4,5
27/02/2022,16.9,6.4
28/02/2022,12.4,5.2
1/03/2022,12.5,5.1
2/03/2022,11.6,4.8
3/03/2022,13.7,6.7
4/03/2022,15.9,7.9
5/03/2022,13.8,6.9
6/03/2022,11.4,5.9
7/03/2022,9.7,4.3
8/03/2022,6.3,2.9
9/03/2022,11.7,5.2
10/03/2022,10,5
11/03/2022,7.6,4.1
12/03/2022,10.7,3.4
13/03/2022,9,3.9
14/03/2022,7.5,3.7
15/03/2022,11.5,6.1
16/03/2022,7.1,4.3
17/03/2022,10.9,6.1
18/03/2022,9.2,5.8
19/03/2022,8.7,4.2
20/03/2022,11.2,5.6
21/03/2022,12.5,5.8
22/03/2022,5.1,2.5
23/03/2022,5,3.2
24/03/2022,11.6,5.6
25/03/2022,13,5.8
26/03/2022,9.5,4.8
27/03/2022,7,3.7
28/03/2022,7.1,3.5
29/03/2022,6.4,3.2
30/03/2022,6.2,2.5
31/03/2022,7.2,3.4
1/04/2022,9.3,5.3
2/04/2022,7.7,4.9
3/04/2022,5.4,3.1
4/04/2022,8.1,4.8
5/04/2022,8.9,5.9
6/04/2022,7.3,4.3
7/04/2022,12.6,9.3
8/04/2022,12.3,7.3
9/04/2022,18.9,11.1
10/04/2022,12.3,7.4
11/04/2022,7.6,4.6
12/04/2022,6.5,4
13/04/2022,7.1,4.6
14/04/2022,11.2,8.8
15/04/2022,9.3,7.2
16/04/2022,11.5,7.8
17/04/2022,11.2,6.4
18/04/2022,13,8.4
19/04/2022,18.2,13.3
20/04/2022,16.4,13.2
21/04/2022,3.9,2
22/04/2022,10.8,7.7
23/04/2022,12.5,10.3
24/04/2022,13.7,12.6
25/04/2022,8.2,6
26/04/2022,13.9,7.8
27/04/2022,11.1,7.1
28/04/2022,20,13.2
29/04/2022,17.8,11.9
30/04/2022,22,16.5
1/05/2022,22.3,10.7
2/05/2022,17,8.1
3/05/2022,12,6.4
4/05/2022,9,7.2
5/05/2022,9.6,7.8
6/05/2022,11.7,7.5
7/05/2022,14.3,11.8
8/05/2022,12.6,10.7
9/05/2022,6.6,5.1
10/05/2022,11.4,7.9
11/05/2022,11.7,9.4
12/05/2022,24.1,22.6
13/05/2022,26.1,23.1
14/05/2022,21.9,18.9
15/05/2022,7.2,5.4
16/05/2022,12.1,11.5
17/05/2022,12.8,10.3
18/05/2022,12,8.8
19/05/2022,5.4,3.6
20/05/2022,6.7,5.7
21/05/2022,15.1,13.3
22/05/2022,28.8,21
23/05/2022,13,9.8
24/05/2022,25.9,22.9
25/05/2022,24.8,18.9
26/05/2022,16.5,11.6
27/05/2022,25.7,20.6
28/05/2022,28.6,25.3
29/05/2022,35.4,33.7
30/05/2022,12.9,11.5
31/05/2022,6.5,4.5
1/06/2022,4.8,3.3
2/06/2022,9.3,6.3
3/06/2022,12.4,10.2
4/06/2022,15.6,12.5
5/06/2022,14.5,12
6/06/2022,28.8,25.2
7/06/2022,10.7,6.9
8/06/2022,6.8,5.5
9/06/2022,6.3,5.6
10/06/2022,3.8,3.2
11/06/2022,6.2,6
12/06/2022,5.1,4.8
13/06/2022,6,5.7
14/06/2022,31.4,27.8
15/06/2022,29.4,23.6
16/06/2022,25.2,21.2
17/06/2022,14.5,8.4
18/06/2022,13.1,11.9
19/06/2022,7,6.2
20/06/2022,8.5,6.8
21/06/2022,11.8,11.2
22/06/2022,33,27.7
23/06/2022,36.7,31.1
24/06/2022,45.1,42.1
25/06/2022,15.6,13.6
26/06/2022,20.3,18.2
27/06/2022,24.6,20.5
28/06/2022,17.2,16.7
29/06/2022,25.1,23.2
30/06/2022,21.1,17.7
1/07/2022,25.6,23.4
2/07/2022,28.2,23.6
3/07/2022,56.8,56.1
4/07/2022,29.9,23.6
5/07/2022,67.3,62.4
6/07/2022,54.6,41
7/07/2022,38.3,30.4
8/07/2022,19.5,17.9
9/07/2022,20.6,19.9
10/07/2022,27.1,19.2
11/07/2022,34.5,28
12/07/2022,7.2,5.4
13/07/2022,20.4,19.3
14/07/2022,15.8,14
15/07/2022,11.2,9.3
16/07/2022,27.6,26.9
17/07/2022,26.7,26.3
18/07/2022,8.2,5
19/07/2022,6.6,4.9
20/07/2022,5.2,5.7
21/07/2022,5.5,4.8
22/07/2022,11.1,11.2
23/07/2022,20.3,17.1
24/07/2022,12.8,11.5
25/07/2022,10,10.2
26/07/2022,6,6.8
27/07/2022,14.1,14.5
28/07/2022,12,12.5
29/07/2022,18.7,18
30/07/2022,10.4,9.2
31/07/2022,7,6.9
1/08/2022,47.8,45.7
2/08/2022,5.2,4.6
3/08/2022,13.7,12.2
4/08/2022,15.2,11.7
5/08/2022,12.6,9.5
6/08/2022,11,9.3
7/08/2022,7.3,7.8
8/08/2022,13.8,10.2
9/08/2022,10.8,8.2
10/08/2022,21.5,17.6
11/08/2022,15.6,13.7
12/08/2022,18.1,16.2
13/08/2022,13.4,11.8
14/08/2022,33.9,30.9
15/08/2022,20.6,14.1
16/08/2022,15.4,8.4
17/08/2022,23.7,11.4
18/08/2022,10.8,9.1
19/08/2022,8,5.8
20/08/2022,8.1,7.1
21/08/2022,15.4,13.6
22/08/2022,9.3,8.8
23/08/2022,11.4,8.1
24/08/2022,8.7,4.7
25/08/2022,13.2,7.1
26/08/2022,10.7,7
27/08/2022,11.9,9
28/08/2022,12.3,10.2
29/08/2022,13,9.5
30/08/2022,18.3,13
31/08/2022,14.9,9.8
1/09/2022,18,10.8
2/09/2022,11.9,7.3
3/09/2022,6.3,3.2
4/09/2022,10.7,4.5
5/09/2022,12.9,6.3
6/09/2022,13.5,10.9
7/09/2022,19.9,15.7
8/09/2022,10.3,6.3
9/09/2022,8.6,6.4
10/09/2022,12.5,8
11/09/2022,9.8,7.6
12/09/2022,16.7,13.4
13/09/2022,6.9,4.1
14/09/2022,14.6,11.5
15/09/2022,23.8,18.9
16/09/2022,17,9
17/09/2022,17.5,9.2
18/09/2022,15.6,10.3
19/09/2022,8.1,4.6
20/09/2022,10.3,4.6
21/09/2022,12.8,5.5
22/09/2022,8,5.3
23/09/2022,6.5,4.9
24/09/2022,9.6,6.2
25/09/2022,10.3,6.1
26/09/2022,25,10
27/09/2022,26.2,11.3
28/09/2022,18,10.4
29/09/2022,8.3,4.5
30/09/2022,16.1,11.1
1/10/2022,16.1,9.6
2/10/2022,7.9,4.3
3/10/2022,13.8,7.1
4/10/2022,16.4,7.5
5/10/2022,9.6,5.4
6/10/2022,6.9,3.9
7/10/2022,19.4,8.2
8/10/2022,25.2,13.2
9/10/2022,10.4,7.4
10/10/2022,8.7,4.3
11/10/2022,14.5,4.6
12/10/2022,12.2,5
13/10/2022,13.5,6.3
14/10/2022,11.3,5.6
15/10/2022,10.6,4.6
16/10/2022,12.2,5.4
17/10/2022,13.3,7
18/10/2022,12,6.4
19/10/2022,7.9,4.6
20/10/2022,13.5,6.1
21/10/2022,25.1,9.3
22/10/2022,21.1,8.7
23/10/2022,16.1,6.9
24/10/2022,14.6,7.4
25/10/2022,13.6,5.5
26/10/2022,10.9,4.9
27/10/2022,9,4.3
28/10/2022,13.9,6.9
29/10/2022,5.8,3.8
30/10/2022,5.2,3.2
31/10/2022,9.9,5.8
1/11/2022,4.9,2.8
2/11/2022,6.5,3
3/11/2022,11.8,5
4/11/2022,5.4,2.3
5/11/2022,17.7,6.9
6/11/2022,16.8,6.3
7/11/2022,15,6.3
8/11/2022,14.5,7
9/11/2022,13.6,6.7
10/11/2022,21.2,8.3
11/11/2022,17.6,7.1
12/11/2022,7.4,4.3
13/11/2022,9.9,5.9
14/11/2022,13.4,6.9
15/11/2022,16.8,7
16/11/2022,17.5,8.6
17/11/2022,13.8,8
18/11/2022,5.5,4.2
19/11/2022,4.8,3.1
20/11/2022,5.9,3.6
21/11/2022,7,4.2
22/11/2022,5.9,3
23/11/2022,5.6,2.4
24/11/2022,5,2.3
25/11/2022,5.8,3.6
26/11/2022,7,3.9
27/11/2022,6.3,3.9
28/11/2022,8.1,3.9
